station,year,month,effort
AR14,1994,6,9.75
AR14,1994,7,6.67
AR14,1994,8,7.5
AR14,1995,6,7.11
AR14,1995,7,7.5
AR14,1995,8,7.5
AR14,1996,6,7.5
AR14,1996,7,7.5
AR14,1996,8,7.5
AR14,1997,6,10
AR14,1997,7,5
AR14,1997,8,2.5
AR14,1998,6,7.5
AR14,1998,7,6.36
AR14,1998,8,1.94
AR14,1999,6,9.55
AR14,1999,7,10
AR14,2000,6,6.9
AR14,2000,7,7.4
AR14,2000,8,2.19
AR14,2001,6,7.25
AR14,2001,7,7.5
AR14,2001,8,2.5
AR14,2002,6,7.11
AR14,2002,7,7.39
AR14,2002,8,1.42
AR14,2004,6,7.1
AR14,2004,7,7.12
AR14,2004,8,2.5
AR14,2005,5,1.69
AR14,2005,6,6.68
AR14,2005,7,6.11
AR14,2005,8,1.67
AR14,2006,6,7.5
AR14,2006,7,7.44
AR14,2006,8,2.5
AR14,2007,6,7.43
AR14,2007,7,10.1
AR14,2008,6,7.17
AR14,2008,7,6.94
AR14,2008,8,2.5
AR14,2011,6,7.35
AR14,2011,7,5.42
AR14,2011,8,1.81
AR14,2012,6,7.25
AR14,2012,7,6.49
AR14,2012,8,2.5
AR16,1994,5,2.5
AR16,1994,6,7
AR16,1994,7,9.07
AR16,1994,8,5
AR16,1995,5,2.5
AR16,1995,6,7.43
AR16,1995,7,7.4
AR16,1995,8,7.5
AR16,1996,5,2.5
AR16,1996,6,6.32
AR16,1996,7,7.57
AR16,1996,8,7.5
AR16,1997,5,2.36
AR16,1997,6,7.5
AR16,1997,7,7.5
AR16,1997,8,2.29
AR16,1998,5,2.43
AR16,1998,6,9.93
AR16,1998,7,7.5
AR16,1999,5,2.5
AR16,1999,6,10
AR16,1999,7,7.33
AR16,2000,5,2.5
AR16,2000,6,6.79
AR16,2000,7,9.31
AR16,2001,6,9.55
AR16,2001,7,8.4
AR16,2002,5,2.5
AR16,2002,6,7.15
AR16,2002,7,7.5
AR16,2002,8,2.5
AR16,2004,5,2.57
AR16,2004,6,7.47
AR16,2004,7,9.99
AR27,1994,5,4.58
AR27,1994,6,6.67
AR27,1994,7,5
AR27,1994,8,6.6
AR27,1995,5,2.5
AR27,1995,6,7.5
AR27,1995,7,9.44
AR27,1995,8,5
AR27,1996,5,2.44
AR27,1996,6,7.5
AR27,1996,7,7.5
AR27,1996,8,7.5
AR27,1997,5,2.5
AR27,1997,6,7.5
AR27,1997,7,7.5
AR27,1997,8,2.5
AR27,1998,5,2.5
AR27,1998,6,7.54
AR27,1998,7,10
AR27,1999,5,2.49
AR27,1999,6,6.67
AR27,1999,7,10
AR27,2000,5,2.5
AR27,2000,6,7.57
AR27,2000,7,7.5
AR27,2000,8,2.5
AR27,2001,5,2.35
AR27,2001,6,7.43
AR27,2001,7,7.11
AR27,2001,8,2.36
AR27,2002,5,5
AR27,2002,6,5
AR27,2002,7,7.5
AR27,2002,8,2.5
AR31,1994,5,2.08
AR31,1994,6,6.62
AR31,1994,7,5.89
AR31,1994,8,7.34
AR31,1995,5,1.65
AR31,1995,6,7.5
AR31,1995,7,7.5
AR31,1995,8,7.43
AR31,1996,5,2.18
AR31,1996,6,6.6
AR31,1996,7,7.57
AR31,1996,8,7.5
AR31,1997,5,1.53
AR31,1997,6,6.46
AR31,1997,7,7.5
AR31,1997,8,2.47
AR31,1998,5,2.47
AR31,1998,6,7.39
AR31,1998,7,7.5
AR31,1998,8,2.5
AR31,1999,5,2.5
AR31,1999,6,7.5
AR31,1999,7,6.92
AR31,1999,8,2.25
AR31,2000,5,1.46
AR31,2000,6,6.51
AR31,2000,7,7.5
AR31,2000,8,2.47
AR31,2001,5,2.45
AR31,2001,6,6.74
AR31,2001,7,7
AR31,2001,8,2.06
AR31,2002,5,2.38
AR31,2002,6,9.97
AR31,2002,7,6.4
AR31,2004,5,2.38
AR31,2004,6,7.5
AR31,2004,7,6.74
AR31,2004,8,2.5
AR31,2005,5,2.04
AR31,2005,6,7.09
AR31,2005,7,9.33
AR31,2006,5,2.5
AR31,2006,6,9
AR31,2006,7,6.92
AR31,2007,5,2.32
AR31,2007,6,6.78
AR31,2007,7,8.76
AR31,2008,5,2.5
AR31,2008,6,6.78
AR31,2008,7,9.24
AR31,2011,5,1.67
AR31,2011,6,7.5
AR31,2011,7,5.31
AR31,2011,8,2
AR31,2012,5,2.28
AR31,2012,6,6.89
AR31,2012,7,6.92
AR31,2012,8,2.44
AR54,1994,5,1.15
AR54,1994,6,5.93
AR54,1994,7,5.35
AR54,1994,8,7.45
AR54,1995,5,2.47
AR54,1995,6,9.38
AR54,1995,7,7.43
AR54,1995,8,5
AR54,1996,5,1.6
AR54,1996,6,7.5
AR54,1996,7,10
AR54,1996,8,5
AR54,1997,5,2.5
AR54,1997,6,7.22
AR54,1997,7,9.95
AR54,1998,5,2.42
AR54,1998,6,6.32
AR54,1998,7,7.5
AR54,1998,8,2.5
AR54,1999,5,2.43
AR54,1999,6,10
AR54,1999,7,4.92
AR54,1999,8,2.5
AR54,2000,5,2.5
AR54,2000,6,6.85
AR54,2000,7,7.45
AR54,2000,8,2.43
AR54,2001,5,2.5
AR54,2001,6,6.81
AR54,2001,7,8.53
AR54,2002,5,2.5
AR54,2002,6,7.31
AR54,2002,7,10
AR54,2004,5,1.6
AR54,2004,6,10
AR54,2004,7,7.5
AR54,2005,5,2.36
AR54,2005,6,6.81
AR54,2005,7,7.5
AR54,2005,8,2.01
AR54,2006,5,2.33
AR54,2006,6,7.47
AR54,2006,7,7.36
AR54,2006,8,2.42
AR54,2007,5,5
AR54,2007,6,5
AR54,2007,7,9.47
AR54,2008,5,2.5
AR54,2008,6,8.12
AR54,2008,7,6.22
AR54,2008,8,2.5
AR64,1996,5,2.49
AR64,1996,6,7.44
AR64,1996,7,7.5
AR64,1996,8,7.5
AR64,1997,5,4.56
AR64,1997,6,7.39
AR64,1997,7,7.5
AR64,1998,5,2.5
AR64,1998,6,7.33
AR64,1998,7,5.62
AR64,1998,8,2.5
AR64,1999,5,1.86
AR64,1999,6,7.25
AR64,1999,7,6.81
AR64,1999,8,2.5
AR64,2000,5,2.5
AR64,2000,6,7.45
AR64,2000,7,9.97
AR64,2001,5,2.5
AR64,2001,6,6.08
AR64,2001,7,6.14
AR64,2001,8,1.88
AR64,2002,5,2.5
AR64,2002,6,7.47
AR64,2002,7,7.22
AR64,2002,8,2.5
AR64,2004,5,4.6
AR64,2004,6,4.97
AR64,2004,7,7.5
AR64,2004,8,2.4
AR64,2005,5,2.47
AR64,2005,6,9.92
AR64,2005,7,7.47
AR64,2006,5,2.39
AR64,2006,6,7.42
AR64,2006,7,7.11
AR64,2006,8,1.81
AR64,2007,5,4.85
AR64,2007,6,7.47
AR64,2007,7,7.5
AR64,2008,5,1.25
AR64,2008,6,7.44
AR64,2008,7,6.39
AR64,2008,8,2.44
ASRP,2002,6,7.5
ASRP,2002,7,9.75
ASRP,2003,6,7.5
ASRP,2003,7,7.22
ASRP,2003,8,2.5
ASRP,2004,6,7.46
ASRP,2004,7,6.8
ASRP,2004,8,2.5
ASRP,2005,6,7.45
ASRP,2005,7,10.28
ASRP,2006,6,8.4
ASRP,2006,7,7.71
ASRP,2007,6,5
ASRP,2007,7,7.57
ASRP,2007,8,2.25
ATOS,2002,6,7.46
ATOS,2002,7,7.5
ATOS,2002,8,2.5
ATOS,2003,6,9.17
ATOS,2003,7,8.58
ATOS,2003,8,3
ATOS,2004,5,3.17
ATOS,2004,6,6.17
ATOS,2004,7,9.33
ATOS,2004,8,3
ATOS,2005,6,9.08
ATOS,2005,7,9
ATOS,2005,8,3
ATOS,2006,6,9
ATOS,2006,7,9
ATOS,2006,8,3
ATOS,2007,6,9
ATOS,2007,7,8.92
ATOS,2007,8,3
BBBS,2009,5,4.22
BBBS,2009,6,3.74
BBBS,2009,7,7.47
BBBS,2009,8,2.5
BBBS,2010,5,2.75
BBBS,2010,6,6.59
BBBS,2010,7,10.99
BBBS,2011,5,3
BBBS,2011,6,7.5
BBBS,2011,7,11.75
BBBS,2012,5,2.44
BBBS,2012,6,8
BBBS,2012,7,9.38
BBBS,2012,8,3
BEAR,1994,6,5.58
BEAR,1994,7,5.83
BEAR,1994,8,4.58
BEAR,1995,5,2.92
BEAR,1995,6,7.08
BEAR,1995,7,5.42
BEAR,1995,8,3.19
BEAR,1996,5,1.67
BEAR,1996,6,7.08
BEAR,1996,7,6.46
BEAR,1996,8,2.15
BEAR,1997,5,2.92
BEAR,1997,6,7.08
BEAR,1997,7,6.88
BEAR,1997,8,2.92
BEAR,1998,5,2.57
BEAR,1998,6,5.35
BEAR,1998,7,6.95
BEAR,1998,8,4.56
BEAR,1999,5,2.44
BEAR,1999,6,7.29
BEAR,1999,7,7.99
BEAR,1999,8,2.5
BEAR,2000,5,2.57
BEAR,2000,6,7.5
BEAR,2000,7,4.5
BEAR,2000,8,4.75
BEAR,2001,5,0.62
BEAR,2001,6,7.57
BEAR,2001,7,7.62
BEAR,2001,8,2.5
BEAR,2002,5,2.5
BEAR,2002,6,7.5
BEAR,2002,7,7.53
BEAR,2002,8,2.38
BEAR,2003,5,2.79
BEAR,2003,6,7.5
BEAR,2003,7,7.5
BEAR,2003,8,2.38
BEAR,2004,5,1.29
BEAR,2004,6,7.5
BEAR,2004,7,7.5
BEAR,2004,8,2.5
BEAR,2005,5,1.98
BEAR,2005,6,7.64
BEAR,2005,7,5
BEAR,2005,8,2.5
BEAR,2006,5,2.27
BEAR,2006,6,6.88
BEAR,2006,7,7.08
BEAR,2006,8,2.5
BEAR,2007,5,2.5
BEAR,2007,6,7.01
BEAR,2007,7,7.15
BEAR,2007,8,1.58
BEAR,2008,5,2.5
BEAR,2008,6,6.83
BEAR,2008,7,5.72
BEAR,2008,8,2.5
BEAV,2001,6,8.92
BEAV,2001,7,9
BEAV,2001,8,3
BEAV,2002,6,8.75
BEAV,2002,7,9
BEAV,2002,8,3
BEAV,2003,6,8.75
BEAV,2003,7,9
BEAV,2003,8,3
BEAV,2004,6,8.71
BEAV,2004,7,8.96
BEAV,2004,8,3
BEAV,2005,6,9
BEAV,2005,7,9
BEAV,2005,8,3
BEAV,2006,6,9
BEAV,2006,7,9
BEAV,2006,8,3
BEAV,2007,6,9
BEAV,2007,7,9
BEAV,2007,8,2.9
BEAV,2008,6,8.96
BEAV,2008,7,12
BEAV,2009,6,8.5
BEAV,2009,7,8.75
BEAV,2009,8,3
BEAV,2010,6,9
BEAV,2010,7,9
BEAV,2010,8,3
BFSW,1997,6,8.75
BFSW,1997,7,9
BFSW,1997,8,3
BFSW,1998,5,0.25
BFSW,1998,6,9
BFSW,1998,7,8.88
BFSW,1998,8,3
BFSW,1999,5,3
BFSW,1999,6,6
BFSW,1999,7,12
BFSW,2000,5,3
BFSW,2000,6,6
BFSW,2000,7,11.9
BFSW,2001,5,3
BFSW,2001,6,8.83
BFSW,2001,7,6
BFSW,2001,8,3
BFSW,2002,5,3
BFSW,2002,6,6
BFSW,2002,7,9
BFSW,2002,8,3
BFSW,2003,5,3
BFSW,2003,6,6.08
BFSW,2003,7,8.88
BFSW,2003,8,2.96
BFSW,2004,5,3
BFSW,2004,6,6
BFSW,2004,7,11.8
BFSW,2005,6,8.9
BFSW,2005,7,9
BFSW,2005,8,3
BFSW,2006,6,6.92
BFSW,2006,7,8.42
BFSW,2006,8,3
BFSW,2007,6,11.94
BFSW,2007,7,5.83
BFSW,2007,8,2.75
BFSW,2008,6,8.47
BFSW,2008,7,8.74
BFSW,2008,8,2.93
BFSW,2009,5,2.88
BFSW,2009,6,5.96
BFSW,2009,7,9
BFSW,2009,8,2.83
BFSW,2010,5,3
BFSW,2010,6,5.5
BFSW,2010,7,12
BKBR,2004,6,6.58
BKBR,2004,7,3.94
BKBR,2004,8,1.88
BKBR,2005,6,6.69
BKBR,2005,7,6.75
BKBR,2005,8,2.25
BKBR,2006,6,9.06
BKBR,2006,7,9.75
BKBR,2006,8,3.25
BKBR,2007,6,9.17
BKBR,2007,7,9.14
BKBR,2007,8,2.92
BKBR,2008,6,8.25
BKBR,2008,7,9.5
BKBR,2008,8,2.5
BKBR,2009,6,9.75
BKBR,2009,7,11.25
BKBR,2009,8,3.75
BKBR,2010,6,10.23
BKBR,2010,7,10.25
BKBR,2010,8,3.75
BKBR,2011,6,10.69
BKBR,2011,7,13.25
BKBR,2011,8,3
BKBR,2012,6,9.44
BKBR,2012,7,13.5
BKBR,2012,8,4.5
BMNC,1996,6,7.71
BMNC,1996,7,7.5
BMNC,1996,8,7.08
BMNC,1997,6,7.5
BMNC,1997,7,7.5
BMNC,1997,8,2.5
BMNC,1998,6,7.5
BMNC,1998,7,7.5
BMNC,1998,8,2.5
BMNC,1999,6,7.5
BMNC,1999,7,7.17
BMNC,1999,8,2.5
BMNC,2000,6,7.5
BMNC,2000,7,7.5
BMNC,2000,8,2.08
BMNC,2001,6,7.5
BMNC,2001,7,7.5
BMNC,2001,8,2.5
BMNC,2002,6,7.5
BMNC,2002,7,7.5
BMNC,2002,8,2.5
BMNC,2003,6,6.96
BMNC,2003,7,9.04
BMNC,2004,5,1.67
BMNC,2004,6,2.5
BMNC,2004,7,5
BMNC,2005,6,5
BMNC,2005,7,7.5
BMNC,2005,8,2.5
BMNC,2006,6,5
BMNC,2006,7,4.79
BMNC,2006,8,2.5
BORF,1997,6,9
BORF,1997,7,9
BORF,1997,8,3
BORF,1998,6,9.04
BORF,1998,7,8.92
BORF,1998,8,3
BORF,1999,6,8.8
BORF,1999,7,7.5
BORF,1999,8,3
BORF,2000,6,7.83
BORF,2000,7,9
BORF,2000,8,3
BORF,2001,6,9
BORF,2001,7,9
BORF,2001,8,3
BORF,2002,6,8.85
BORF,2002,7,11.9
BORF,2003,6,7.75
BORF,2003,7,11.96
BORF,2004,6,6.93
BORF,2004,7,7.58
BORF,2004,8,3
BORF,2005,6,8.89
BORF,2005,7,9
BORF,2005,8,3
BORF,2006,6,6.83
BORF,2006,7,8.17
BORF,2006,8,3
BORF,2007,6,8.86
BORF,2007,7,9
BORF,2007,8,3
BORF,2008,6,8.62
BORF,2008,7,8.35
BORF,2008,8,2.96
BORR,1997,6,9
BORR,1997,7,9
BORR,1997,8,3
BORR,1998,6,8.81
BORR,1998,7,9
BORR,1998,8,3
BORR,1999,6,11.96
BORR,1999,7,6
BORR,1999,8,2.99
BORR,2000,6,9
BORR,2000,7,9
BORR,2000,8,2.5
BORR,2001,6,8.96
BORR,2001,7,9
BORR,2001,8,3
BORR,2002,6,7.75
BORR,2002,7,12
BORR,2003,6,11.26
BORR,2003,7,8.96
BORR,2004,6,8.92
BORR,2004,7,9.08
BORR,2004,8,3
BORR,2005,6,8.5
BORR,2005,7,7.42
BORR,2005,8,3
BORR,2006,6,8.75
BORR,2006,7,11.83
BORR,2007,6,7.52
BORR,2007,7,9
BORR,2007,8,3
BORR,2008,6,8.96
BORR,2008,7,8.96
BORR,2008,8,2.96
BROO,1994,5,4.44
BROO,1994,6,6.9
BROO,1994,7,6.94
BROO,1994,8,4.96
BROO,1995,5,4.72
BROO,1995,6,7.33
BROO,1995,7,6.77
BROO,1995,8,4.53
BROO,1996,5,5
BROO,1996,6,7.17
BROO,1996,7,7
BROO,1996,8,4.19
BROO,1997,5,5
BROO,1997,6,7.5
BROO,1997,7,7.5
BROO,1997,8,2.35
BROO,1998,5,4.94
BROO,1998,6,6.6
BROO,1998,7,8.62
BROO,1999,5,4.97
BROO,1999,6,8.09
BROO,1999,7,4.62
BROO,2000,5,3.42
BROO,2000,6,5.08
BROO,2000,7,4.25
BROO,2000,8,1.32
BROO,2001,5,6.61
BROO,2001,6,4.07
BROO,2001,7,5.56
BROO,2001,8,1.56
BROO,2002,5,2.82
BROO,2002,6,6.37
BROO,2002,7,5.53
BROO,2002,8,1.81
BROO,2004,5,6.99
BROO,2004,6,4.11
BROO,2004,7,6.09
BROO,2004,8,1.72
BROO,2005,5,4.5
BROO,2005,6,6.25
BROO,2005,7,4.58
BROO,2005,8,1.44
BROO,2006,5,7.14
BROO,2006,6,3.62
BROO,2006,7,4.86
BROO,2006,8,1.67
BROO,2007,5,4.69
BROO,2007,6,4.83
BROO,2007,7,12.45
BROO,2008,5,6.86
BROO,2008,6,4.14
BROO,2008,7,6.81
BUHO,1997,5,1.75
BUHO,1997,6,4
BUHO,1997,7,6.75
BUHO,1997,8,1.12
BUHO,1998,6,4.5
BUHO,1998,7,4.5
BUHO,1999,5,2.25
BUHO,1999,6,6.75
BUHO,1999,7,6.5
BUHO,1999,8,2.31
BUHO,2000,5,2.25
BUHO,2000,6,9
BUHO,2000,7,4.5
BUHO,2000,8,2.25
BUHO,2001,5,2.44
BUHO,2001,6,6.75
BUHO,2001,7,4.31
BUHO,2001,8,2.06
BUHO,2002,5,1.92
BUHO,2002,6,4.07
BUHO,2002,7,6.06
BUHO,2003,5,1.16
BUHO,2003,6,4.1
BUHO,2004,6,4.39
BUHO,2004,7,2.98
BUHO,2004,8,1.46
BUHO,2005,6,4.34
BUHO,2005,7,3.03
BUHO,2006,6,3.17
BUHO,2006,7,3.06
BUHO,2007,5,1.84
BUHO,2007,6,4.74
BUHO,2007,7,2.69
BUHO,2008,5,1.32
BUHO,2008,6,2.46
BUHO,2008,7,2.29
BUHO,2009,5,1.31
BUHO,2009,6,2.29
BUHO,2009,7,3.72
CAHI,2006,6,7.5
CAHI,2006,7,7.5
CAHI,2006,8,2.5
CAHI,2007,6,7.5
CAHI,2007,7,7.48
CAHI,2007,8,2.5
CBWP,1997,5,1.5
CBWP,1997,6,3
CBWP,1997,7,4.75
CBWP,1997,8,1.5
CBWP,1998,5,3
CBWP,1998,6,3
CBWP,1998,7,4.5
CBWP,1998,8,1.5
CBWP,1999,5,1.5
CBWP,1999,6,4.5
CBWP,1999,7,4.5
CBWP,1999,8,1.5
CBWP,2000,5,1.38
CBWP,2000,6,6
CBWP,2000,7,4.5
CBWP,2001,5,1.5
CBWP,2001,6,4.5
CBWP,2001,7,6
CBWP,2002,5,1.5
CBWP,2002,6,4.5
CBWP,2002,7,5.97
CBWP,2003,5,1.5
CBWP,2003,6,4.08
CBWP,2003,7,6
CBWP,2004,5,1.5
CBWP,2004,6,6
CBWP,2004,7,2.99
CBWP,2004,8,1.5
CBWP,2005,5,1.5
CBWP,2005,6,6
CBWP,2005,7,4.5
CBWP,2006,5,1.5
CBWP,2006,6,6
CBWP,2006,7,4.5
CBWP,2007,5,1.5
CBWP,2007,6,5.38
CBWP,2007,7,4.5
CEDA,1994,6,7.44
CEDA,1994,7,6.32
CEDA,1994,8,7.5
CEDA,1995,5,2.03
CEDA,1995,6,7.59
CEDA,1995,7,9.93
CEDA,1995,8,5
CEDA,1996,5,4.96
CEDA,1996,6,7.5
CEDA,1996,7,7.5
CEDA,1996,8,5
CEDA,1997,5,2.44
CEDA,1997,6,7.43
CEDA,1997,7,7.5
CEDA,1997,8,2.5
CEDA,1998,5,2.47
CEDA,1998,6,7.5
CEDA,1998,7,7.5
CEDA,1998,8,2.5
CEDA,1999,5,2.5
CEDA,1999,6,7.28
CEDA,1999,7,7.03
CEDA,1999,8,2.25
CEDA,2000,5,2.5
CEDA,2000,6,7.5
CEDA,2000,7,5.89
CEDA,2000,8,2.33
CEDA,2001,5,2.5
CEDA,2001,6,6.87
CEDA,2001,7,9.02
CEDA,2002,5,2.47
CEDA,2002,6,9.97
CEDA,2002,7,4.93
CEDA,2002,8,2.5
CEDA,2004,5,2
CEDA,2004,6,7.08
CEDA,2004,7,7.5
CEDA,2004,8,2.5
CEDA,2005,5,4.94
CEDA,2005,6,7.5
CEDA,2005,7,7.47
CEDA,2006,5,2.5
CEDA,2006,6,7.36
CEDA,2006,7,7.03
CEDA,2006,8,1.94
CEDA,2007,5,2.17
CEDA,2007,6,7.19
CEDA,2007,7,9.56
CEDA,2008,5,4.44
CEDA,2008,6,4.86
CEDA,2008,7,8.94
CLDC,2001,6,7.5
CLDC,2001,7,10
CLDC,2002,6,6.46
CLDC,2002,7,7.5
CLDC,2002,8,2.5
CLDC,2003,6,7.5
CLDC,2003,7,4.58
CLDC,2003,8,2.29
CLDC,2004,6,7.5
CLDC,2004,7,7.5
CLDC,2004,8,2.5
CLDC,2005,6,7.5
CLDC,2005,7,10
CLDC,2006,6,5.42
CLDC,2006,7,10.21
CLHI,1997,6,7.5
CLHI,1997,7,7.5
CLHI,1997,8,2.5
CLHI,1998,5,3
CLHI,1998,6,6
CLHI,1998,7,9
CLHI,1998,8,3
CLHI,1999,6,9
CLHI,1999,7,9
CLHI,1999,8,3
CLHI,2000,6,6
CLHI,2000,7,12
CLHI,2000,8,3
CLHI,2001,6,9
CLHI,2001,7,9
CLHI,2001,8,3
CLHI,2002,6,9
CLHI,2002,7,6
CLHI,2002,8,3
CLHI,2003,6,9
CLHI,2003,7,11.08
CLHI,2004,5,3
CLHI,2004,6,6
CLHI,2004,7,9
CLHI,2004,8,3
CLHI,2005,6,9
CLHI,2005,7,9
CLHI,2006,6,9
CLHI,2006,7,9
CLHI,2006,8,2.5
CMS1,2002,6,7.5
CMS1,2002,7,7.29
CMS1,2002,8,2.5
CMS1,2003,6,10
CMS1,2003,7,5
CMS1,2003,8,2.5
CMS1,2004,6,10
CMS1,2004,7,5
CMS1,2004,8,2.5
CMS1,2005,6,10
CMS1,2005,7,5
CMS1,2005,8,2.5
CMS1,2006,6,7.08
CMS1,2006,7,7.5
CMS1,2006,8,2.5
CMS1,2007,6,7.5
CMS1,2007,7,7.5
CMS1,2007,8,2.5
CMS1,2008,6,6.88
CMS1,2008,7,10
CON2,2007,5,10
CON2,2007,6,7.5
CON2,2007,7,7.5
CON2,2007,8,2.5
CON2,2008,5,5
CON2,2008,6,7.5
CON2,2008,7,7.5
CON2,2008,8,2.5
CONG,1992,5,9.33
CONG,1992,6,9
CONG,1992,7,9
CONG,1992,8,6
CONG,1993,5,9.25
CONG,1993,6,9
CONG,1993,7,9
CONG,1993,8,9.25
CONG,1994,5,9.17
CONG,1994,6,8.94
CONG,1994,7,9
CONG,1994,8,6
CONG,1995,5,9
CONG,1995,6,9
CONG,1995,7,9
CONG,1995,8,7.33
CONG,1996,5,9.08
CONG,1996,6,9.17
CONG,1996,7,9
CONG,1996,8,8.58
CONG,1997,5,5.83
CONG,1997,6,8.75
CONG,1997,7,8.75
CONG,1997,8,3
CONG,1998,5,6
CONG,1998,6,9
CONG,1998,7,9
CONG,1998,8,3
CONG,1999,5,6
CONG,1999,6,9
CONG,1999,7,9
CONG,1999,8,9
CONG,2000,5,6
CONG,2000,6,9
CONG,2000,7,9
CONG,2000,8,3
CONG,2001,5,6.12
CONG,2001,6,9
CONG,2001,7,9
CONG,2001,8,3
CONG,2002,5,5.96
CONG,2002,6,8.98
CONG,2002,7,9
CONG,2002,8,3
CORS,2000,5,1.75
CORS,2000,6,3.5
CORS,2001,5,1.75
CORS,2001,6,5.26
CORS,2001,7,3.38
CORS,2001,8,1.7
CORS,2002,5,1.62
CORS,2002,6,4.81
CORS,2002,7,3.21
CORS,2003,5,1.51
CORS,2003,6,2.94
CORS,2003,8,1.49
CORS,2004,6,4.52
CORS,2004,7,3.18
CORS,2004,8,1.6
CORS,2005,5,1.67
CORS,2005,6,1.69
CORS,2005,7,3.26
CORS,2005,8,1.53
CORS,2006,5,1.56
CORS,2006,6,3.06
CORS,2006,7,3.03
CORS,2006,8,1.42
CORS,2007,5,1.49
CORS,2007,6,3.18
CORS,2007,7,3.08
CORS,2007,8,1.4
CORS,2008,5,1.59
CORS,2008,6,1.71
CORS,2008,7,1.62
COWL,2004,5,2.5
COWL,2004,6,7.5
COWL,2004,7,6.85
COWL,2004,8,2.5
COWL,2005,5,1.94
COWL,2005,6,7.17
COWL,2005,7,9.28
COWL,2006,5,4.94
COWL,2006,6,7.22
COWL,2006,7,7.04
COWL,2007,5,2.39
COWL,2007,6,9
COWL,2007,7,5.51
COWL,2008,5,2.33
COWL,2008,6,7.39
COWL,2008,7,6.81
COWL,2008,8,2.47
DCVT,2007,6,11.25
DCVT,2007,7,11.25
DCVT,2007,8,3.75
DROP,2004,5,2.28
DROP,2004,6,9.11
DROP,2004,7,6.42
DROP,2004,8,1.94
DROP,2005,5,3.46
DROP,2005,6,8.83
DROP,2005,7,4.06
DROP,2005,8,1.81
DROP,2006,5,5.47
DROP,2006,6,4.12
DROP,2006,7,7.36
DROP,2007,5,4.2
DROP,2007,6,4.65
DROP,2007,7,5.47
DROP,2007,8,3.44
DROP,2008,5,4.36
DROP,2008,6,5.97
DROP,2008,7,5.69
DROP,2008,8,1.53
DROP,2009,5,4.74
DROP,2009,6,6.33
DROP,2009,7,6.53
DULA,1994,6,7.53
DULA,1994,7,7.36
DULA,1994,8,7.44
DULA,1995,5,2.14
DULA,1995,6,7.25
DULA,1995,7,7.5
DULA,1995,8,7.5
DULA,1996,5,2.5
DULA,1996,6,7.25
DULA,1996,7,7.5
DULA,1996,8,7.25
DULA,1997,5,2.49
DULA,1997,6,7.4
DULA,1997,7,7.5
DULA,1997,8,2.5
DULA,1998,5,2.5
DULA,1998,6,7.36
DULA,1998,7,6.25
DULA,1998,8,1.94
DULA,1999,5,2
DULA,1999,6,7.5
DULA,1999,7,7
DULA,1999,8,2.5
DULA,2000,5,2.47
DULA,2000,6,6.69
DULA,2000,7,6.69
DULA,2000,8,2.08
DULA,2001,5,2.42
DULA,2001,6,7.44
DULA,2001,7,8.56
DULA,2002,5,2.47
DULA,2002,6,7.47
DULA,2002,7,9.94
EABO,1994,6,9.21
EABO,1994,7,6.49
EABO,1994,8,7.5
EABO,1995,6,7.29
EABO,1995,7,7.5
EABO,1995,8,7.5
EABO,1996,6,7.57
EABO,1996,7,7.5
EABO,1996,8,7.5
EABO,1997,6,7.5
EABO,1997,7,7.47
EABO,1997,8,2.5
EABO,1998,6,7.47
EABO,1998,7,5
EABO,1998,8,2.5
EABO,1999,5,2.5
EABO,1999,6,7.25
EABO,1999,7,7.08
EABO,1999,8,2.5
EABO,2000,6,6.19
EABO,2000,7,6.67
EABO,2000,8,2.47
EABO,2001,6,7.5
EABO,2001,7,6.11
EABO,2001,8,2.5
EABO,2002,6,9.86
EABO,2002,7,5
EABO,2002,8,2.42
EABO,2004,6,7.5
EABO,2004,7,7.57
EABO,2004,8,2.34
EABO,2005,5,2.39
EABO,2005,6,7.47
EABO,2005,7,8.1
EABO,2006,6,7.5
EABO,2006,7,7.07
EABO,2006,8,2.36
EABO,2007,6,6.4
EABO,2007,7,9.92
EABO,2008,6,6.61
EABO,2008,7,8.44
EABO,2011,6,7.37
EABO,2011,7,6.86
EABO,2011,8,2.42
EABO,2012,5,2.25
EABO,2012,6,7.03
EABO,2012,7,6.86
EALE,1994,5,4.14
EALE,1994,6,7.58
EALE,1994,7,6.43
EALE,1994,8,5.62
EALE,1995,5,3.42
EALE,1995,6,11.38
EALE,1995,7,10.92
EALE,1995,8,2.24
EALE,1996,5,5.46
EALE,1996,6,7.88
EALE,1996,7,7.31
EALE,1996,8,4.56
EALE,1997,5,6.43
EALE,1997,6,12.51
EALE,1997,7,6.21
EALE,1997,8,3.25
EALE,1998,5,6.26
EALE,1998,6,7.21
EALE,1998,7,10.26
EALE,1999,5,6.21
EALE,1999,6,7.4
EALE,1999,7,7.1
EALE,2000,5,1.25
EALE,2000,6,6.32
EALE,2000,7,7.66
EALE,2001,6,8.11
EALE,2001,7,7.12
EALE,2001,8,2
EALE,2002,5,4.75
EALE,2002,6,6.72
EALE,2002,7,4.03
EALE,2002,8,3.94
EALE,2003,5,5.92
EALE,2003,6,9.08
EALE,2003,7,6.28
EALE,2004,5,5.78
EALE,2004,6,8.92
EALE,2004,7,11.67
EALE,2005,5,6.63
EALE,2005,6,4.92
EALE,2005,7,9.49
EALE,2006,5,5.06
EALE,2006,6,6.27
EALE,2006,7,9.6
EALE,2007,5,5.17
EALE,2007,6,4.33
EALE,2007,7,6.44
EALE,2007,8,1.86
EALE,2008,5,4.86
EALE,2008,6,6.01
EALE,2008,7,8.44
EALE,2008,8,1.89
EALE,2009,5,6.27
EALE,2009,6,10.01
EALE,2009,7,6.83
EALW,1994,5,4.49
EALW,1994,6,8.92
EALW,1994,7,6.78
EALW,1994,8,4.9
EALW,1995,5,5.59
EALW,1995,6,9.17
EALW,1995,7,9.47
EALW,1995,8,5.4
EALW,1996,5,6.15
EALW,1996,6,9.01
EALW,1996,7,7.96
EALW,1996,8,4.99
EALW,1997,5,6.44
EALW,1997,6,9.67
EALW,1997,7,7.96
EALW,1997,8,3.11
EALW,1998,5,6.15
EALW,1998,6,7.6
EALW,1998,7,7.62
EALW,1998,8,2.12
EALW,1999,5,6.08
EALW,1999,6,8.53
EALW,1999,7,8.12
EALW,2000,5,2.74
EALW,2000,6,4.83
EALW,2000,7,7.4
EALW,2001,6,8.53
EALW,2001,7,7.1
EALW,2001,8,2.17
EALW,2002,5,5.14
EALW,2002,6,5.89
EALW,2002,7,4
EALW,2002,8,3.97
EALW,2003,5,6.36
EALW,2003,6,7.92
EALW,2003,7,4.89
EALW,2004,5,6.22
EALW,2004,6,11.61
EALW,2004,7,9
EALW,2005,5,4.71
EALW,2005,6,8.39
EALW,2005,7,7.14
EALW,2005,8,1.97
EALW,2006,5,8.01
EALW,2006,6,5.03
EALW,2006,7,6.62
EALW,2006,8,1.97
EALW,2007,5,5.74
EALW,2007,6,6.22
EALW,2007,7,9.82
EALW,2007,8,1.62
EALW,2008,5,7
EALW,2008,6,4.81
EALW,2008,7,9.32
EALW,2009,5,4.85
EALW,2009,6,6.94
EALW,2009,7,2.17
EALW,2009,8,3.25
EANY,2001,6,6.94
EANY,2001,7,6.75
EANY,2001,8,2.25
EANY,2002,6,7.92
EANY,2002,7,6.46
EANY,2002,8,1.77
EANY,2003,6,6.75
EANY,2003,7,7.5
EANY,2003,8,2.25
EANY,2004,6,6.75
EANY,2004,7,6.75
EANY,2004,8,2.25
EANY,2005,6,6.38
EANY,2005,7,6.75
EANY,2005,8,2.06
EANY,2006,6,6.75
EANY,2006,7,6.75
EANY,2006,8,2.25
EANY,2007,6,6.75
EANY,2007,7,6.75
EANY,2007,8,2.25
ENGI,1994,5,4.18
ENGI,1994,6,6.78
ENGI,1994,7,7.25
ENGI,1994,8,5
ENGI,1995,5,4.94
ENGI,1995,6,6.5
ENGI,1995,7,5.89
ENGI,1995,8,4.29
ENGI,1996,5,4.98
ENGI,1996,6,6.24
ENGI,1996,7,7.08
ENGI,1996,8,4.98
ENGI,1997,5,6.51
ENGI,1997,6,4.94
ENGI,1997,7,7.39
ENGI,1997,8,2.1
ENGI,1998,5,4.57
ENGI,1998,6,6.74
ENGI,1998,7,6.18
ENGI,1998,8,2.02
ENGI,1999,5,4.97
ENGI,1999,6,6.72
ENGI,1999,7,6.94
ENGI,2000,5,6.03
ENGI,2000,6,2.25
ENGI,2000,7,8.77
ENGI,2001,5,4.12
ENGI,2001,6,8
ENGI,2001,7,5.17
ENGI,2002,5,4.06
ENGI,2002,6,6.19
ENGI,2002,7,7.33
ENGI,2004,5,4.97
ENGI,2004,6,6.32
ENGI,2004,7,8.67
ENGI,2005,5,3.42
ENGI,2005,6,6.47
ENGI,2005,7,5.12
ENGI,2005,8,1.39
ENGI,2006,5,6.73
ENGI,2006,6,3.4
ENGI,2006,7,6.99
ENGI,2007,5,5.24
ENGI,2007,6,3.64
ENGI,2007,7,9.36
ENGI,2008,5,3.33
ENGI,2008,6,5.17
ENGI,2008,7,5.25
ENGI,2008,8,1.25
ESDR,1994,6,3.7
ESDR,1994,7,3.23
ESDR,1994,8,2.03
ESDR,1995,6,3.94
ESDR,1995,7,8.75
ESDR,1995,8,4.28
ESDR,1996,6,7.44
ESDR,1996,7,9.44
ESDR,1996,8,2.5
ESDR,1997,6,7.24
ESDR,1997,7,9.02
ESDR,1998,6,6.67
ESDR,1998,7,5.13
ESDR,1998,8,2.5
ESDR,1999,6,7.22
ESDR,1999,7,7.19
ESDR,1999,8,2.5
ESDR,2000,6,7.33
ESDR,2000,7,6.97
ESDR,2000,8,2.33
ESDR,2001,6,7.22
ESDR,2001,7,8.86
ESDR,2002,6,6.72
ESDR,2002,7,9.42
FERN,1996,5,5
FERN,1996,6,7.5
FERN,1996,7,7.5
FERN,1996,8,7.5
FERN,1997,5,5
FERN,1997,6,7.57
FERN,1997,7,7.36
FERN,1997,8,2.43
FERN,1998,5,5
FERN,1998,6,10.07
FERN,1998,7,4.93
FERN,1998,8,2.5
FERN,1999,5,5
FERN,1999,6,11.04
FERN,1999,7,5
FERN,1999,8,2.5
FERN,2000,5,5
FERN,2000,6,7.5
FERN,2000,7,7.5
FERN,2000,8,2.5
FERN,2001,5,5
FERN,2001,6,7.5
FERN,2001,7,7.5
FERN,2001,8,2.5
FERN,2002,5,7.5
FERN,2002,6,5
FERN,2002,7,7.5
FERN,2002,8,2.5
FERN,2003,5,5
FERN,2003,6,7.5
FERN,2003,7,7.5
FERN,2003,8,2.5
FERN,2004,5,4.58
FERN,2004,6,6.88
FERN,2004,7,6.88
FERN,2004,8,2.29
FERN,2005,5,5
FERN,2005,6,7.5
FERN,2005,7,5
FERN,2005,8,2.5
FERN,2006,5,5
FERN,2006,6,7.5
FERN,2006,7,7.5
FERN,2006,8,2.5
FERN,2007,5,5
FERN,2007,6,7.5
FERN,2007,7,5
FERN,2007,8,2.5
FERN,2008,5,2.5
FERN,2008,6,10
FERN,2008,7,7.5
FERN,2008,8,2.5
FERN,2009,5,5
FERN,2009,6,7.5
FERN,2009,7,7.5
FERN,2009,8,2.5
FERN,2010,5,2.5
FERN,2010,6,7.5
FERN,2010,7,7.5
FERN,2010,8,2.5
FERN,2011,5,5
FERN,2011,6,7.5
FERN,2011,7,7.5
FERN,2011,8,2.5
FIRS,1994,5,2.71
FIRS,1994,6,9.54
FIRS,1994,7,4.97
FIRS,1994,8,7.5
FIRS,1995,6,7.5
FIRS,1995,7,7.5
FIRS,1995,8,7.38
FIRS,1996,6,6.94
FIRS,1996,7,7.5
FIRS,1996,8,7.42
FIRS,1997,6,7.19
FIRS,1997,7,9.5
FIRS,1998,6,7.22
FIRS,1998,7,9.25
FIRS,1999,6,9.71
FIRS,1999,7,7.5
FIRS,1999,8,2.5
FIRS,2000,6,6.18
FIRS,2000,7,7.22
FIRS,2000,8,1.94
FIRS,2001,6,5.51
FIRS,2001,7,8.57
FIRS,2002,6,7.5
FIRS,2002,7,7.19
FIRS,2002,8,2.5
FIRS,2004,6,6.84
FIRS,2004,7,7.5
FIRS,2004,8,2.5
FIRS,2005,6,9.67
FIRS,2005,7,7.22
FIRS,2005,8,2.22
FIRS,2006,6,7.43
FIRS,2006,7,7.5
FIRS,2006,8,2.5
FIRS,2007,6,7.5
FIRS,2007,7,9.08
FIRS,2008,6,7.47
FIRS,2008,7,7.08
FIRS,2008,8,2.5
FIRS,2011,6,6.69
FIRS,2011,7,6.83
FIRS,2011,8,2
FIRS,2012,5,2.08
FIRS,2012,6,5
FIRS,2012,7,9.31
FL--,1992,5,22.81
FL--,1992,6,20.62
FL--,1992,7,20
FL--,1992,8,26.25
FL--,1993,5,26.88
FL--,1993,6,20.62
FL--,1993,7,20
FL--,1993,8,27.5
FL--,1994,5,11.04
FL--,1994,6,20.62
FL--,1994,7,26.88
FL--,1994,8,20.62
FL--,1995,5,11.04
FL--,1995,6,20.62
FL--,1995,7,26.88
FL--,1995,8,20.62
FL--,1996,5,11.04
FL--,1996,6,20.62
FL--,1996,7,26.88
FL--,1996,8,20.62
FL--,1997,5,10.67
FL--,1997,6,24.79
FL--,1997,7,22.54
FL--,1997,8,20.62
FL--,1998,5,15.83
FL--,1998,6,20
FL--,1998,7,22.71
FL--,1998,8,20.62
FL--,1999,5,15.83
FL--,1999,6,20
FL--,1999,7,22.57
FL--,1999,8,20.62
FL--,2000,5,11.04
FL--,2000,6,20.81
FL--,2000,7,26.88
FL--,2000,8,20.62
FL--,2001,5,11.04
FL--,2001,6,19.94
FL--,2001,7,26.88
FL--,2001,8,20.62
FL--,2002,5,11.05
FL--,2002,6,24.72
FL--,2002,7,22.4
FL--,2002,8,20.62
FL--,2003,5,11.04
FL--,2003,6,24.75
FL--,2003,7,22.5
FL--,2003,8,20.21
FL--,2004,5,11.04
FL--,2004,6,20.21
FL--,2004,7,19.79
FL--,2004,8,27.08
FL--,2005,5,12.29
FL--,2005,6,21.46
FL--,2005,7,28.21
FL--,2005,8,20.58
FL--,2006,5,12.29
FL--,2006,6,23.29
FL--,2006,7,29.21
FL--,2006,8,21.46
FL--,2007,5,12.29
FL--,2007,6,21.46
FL--,2007,7,29.17
FL--,2007,8,21.46
FL--,2008,5,12.29
FL--,2008,6,26.88
FL--,2008,7,25.58
FL--,2008,8,22.71
FL--,2009,5,16.88
FL--,2009,6,22.47
FL--,2009,7,23.75
FL--,2009,8,21.46
FL--,2010,5,12.29
FL--,2010,6,21.46
FL--,2010,7,22.29
FL--,2010,8,26.96
FOXF,2001,5,5.49
FOXF,2001,6,7.92
FOXF,2001,7,7.57
FOXF,2001,8,2.5
FOXF,2002,5,5.56
FOXF,2002,6,7.64
FOXF,2002,7,7.53
FOXF,2002,8,2.5
FOXF,2003,5,5
FOXF,2003,6,7.57
FOXF,2003,7,7.57
FOXF,2003,8,2.57
FOXF,2004,5,4.86
FOXF,2004,6,7.57
FOXF,2004,7,7.57
FOXF,2004,8,2.5
FOXF,2005,5,5.21
FOXF,2005,6,7.5
FOXF,2005,7,7.5
FOXF,2005,8,2.5
FOXF,2006,5,4.97
FOXF,2006,6,7.22
FOXF,2006,7,7.5
FOXF,2006,8,2.5
FOXF,2007,5,5
FOXF,2007,6,7.43
FOXF,2007,7,7.43
FOXF,2007,8,2.5
FOXF,2008,5,5
FOXF,2008,6,7.64
FOXF,2008,7,7.57
FOXF,2008,8,2.57
FOXF,2010,5,5
FOXF,2010,6,7.5
FOXF,2010,7,7.57
FOXF,2010,8,2.5
FOXF,2011,5,5.07
FOXF,2011,6,7.31
FOXF,2011,7,7.5
FOXF,2011,8,2.5
FTTI,1997,6,2
FTTI,1997,7,2
FTTI,1997,8,4
FTTI,1998,6,6
FTTI,1998,7,2
FTTI,1998,8,2
FTTI,1999,5,2
FTTI,1999,6,5.94
FTTI,1999,7,5.56
FTTI,1999,8,1.83
FTTI,2000,5,2
FTTI,2000,6,6
FTTI,2000,7,6
FTTI,2000,8,2
FTTI,2001,5,4.33
FTTI,2001,6,3.89
FTTI,2001,7,5.94
FTTI,2001,8,2
FTTI,2002,5,1.86
FTTI,2002,6,1.83
FTTI,2002,7,5.54
FTTI,2002,8,1.83
FTTI,2003,5,1.83
FTTI,2003,6,3.72
FTTI,2003,7,1.88
FTTI,2004,5,0.72
FTTI,2004,6,3.36
FTTI,2004,7,3.43
FTTI,2004,8,2.1
FTTI,2005,5,1.71
FTTI,2005,6,1.89
FTTI,2005,7,3.92
FTTI,2005,8,1.83
FTTI,2006,6,5.22
FTTI,2006,7,1.83
FTTI,2006,8,1.61
FTTI,2007,5,1.47
FTTI,2007,6,4.46
FTTI,2007,7,3.17
FTTI,2007,8,1.56
FTTI,2008,5,1.83
FTTI,2008,6,4.35
FTTI,2008,7,5.4
FTTI,2008,8,1.64
FTTI,2009,5,1.53
FTTI,2009,6,4.79
FTTI,2009,7,2.69
FTTI,2009,8,1.33
GEHI,1994,5,5
GEHI,1994,6,7.5
GEHI,1994,7,7.08
GEHI,1994,8,6.67
GEHI,2004,5,2.74
GEHI,2004,6,10.73
GEHI,2004,7,7.95
GEHI,2005,5,5.83
GEHI,2005,6,5
GEHI,2005,7,7.5
GEHI,2005,8,2.92
GEHI,2006,5,2.5
GEHI,2006,6,10
GEHI,2006,7,5
GEHI,2006,8,2.5
GEHI,2007,5,2.5
GEHI,2007,6,5
GEHI,2007,7,7.5
GEHI,2007,8,2.5
GEHI,2008,5,2.5
GEHI,2008,6,7.5
GEHI,2008,7,7.5
GEHI,2008,8,2.5
GIFA,2000,4,2.5
GIFA,2000,5,15
GIFA,2000,7,10
GIFA,2000,8,15
GIFA,2002,5,5.9
GIFA,2002,6,0.28
GIFA,2002,7,7.71
GIFA,2002,8,6.18
GIFA,2002,9,0.42
GIFA,2003,5,15.21
GIFA,2003,6,2.71
GIFA,2003,7,12.5
GIFA,2003,8,4.17
GIFA,2004,5,6.18
GIFA,2004,6,3.89
GIFA,2004,7,3.68
GIFA,2004,8,6.81
GMFI,1998,6,7.67
GMFI,1998,7,9
GMFI,1998,8,3
GMFI,1999,6,9
GMFI,1999,7,9
GMFI,1999,8,3
GMFI,2000,6,8.88
GMFI,2000,7,8.19
GMFI,2000,8,3
GMFI,2001,6,8.19
GMFI,2001,7,9
GMFI,2001,8,3
GMFI,2002,6,9
GMFI,2002,7,9
GMFI,2002,8,3
GMFI,2003,6,7.62
GMFI,2003,7,8.55
GMFI,2003,8,3
GMFI,2004,6,8.83
GMFI,2004,7,9
GMFI,2004,8,3
GMFI,2005,6,8.8
GMFI,2005,7,8.96
GMFI,2005,8,3
GMFI,2006,6,8.75
GMFI,2006,7,9
GMFI,2006,8,2.33
GMFI,2007,6,8.92
GMFI,2007,7,9
GMFI,2007,8,3
GMFI,2008,6,8.88
GMFI,2008,7,8.81
GMFI,2008,8,2.92
GMFI,2009,6,8.25
GMFI,2009,7,8.5
GMFI,2009,8,3
GMFI,2010,6,9
GMFI,2010,7,9
GMFI,2010,8,3
GSL1,2005,5,9.17
GSL1,2005,6,10.42
GSL1,2005,7,12.5
GSL1,2005,8,5
GSL1,2006,5,7.5
GSL1,2006,6,10
GSL1,2006,7,11.67
GSL1,2006,8,3.33
GSL1,2007,5,6.67
GSL1,2007,6,10
GSL1,2007,7,10
GSL1,2007,8,3.33
GSL1,2008,5,5
GSL1,2008,6,10
GSL1,2008,7,10
GSL1,2008,8,3.33
GSL1,2009,5,6.67
GSL1,2009,6,10
GSL1,2009,7,8.33
GSL1,2009,8,3.33
GSL1,2010,5,6.67
GSL1,2010,6,8.33
GSL1,2010,7,9.67
GSL1,2010,8,3.33
GSL1,2011,7,1.67
GSL1,2011,8,5
GSL1,2012,5,3.33
GSL1,2012,6,4.75
GSL1,2012,7,5
GSL1,2012,8,1.67
GSL2,2005,5,8.33
GSL2,2005,6,13.67
GSL2,2005,7,13.33
GSL2,2005,8,5
GSL2,2006,5,7.5
GSL2,2006,6,10.83
GSL2,2006,7,11.67
GSL2,2006,8,3.33
GSL2,2007,5,6.67
GSL2,2007,6,11.67
GSL2,2007,7,10.83
GSL2,2007,8,3.33
GSL2,2008,5,5
GSL2,2008,6,10
GSL2,2008,7,10
GSL2,2008,8,3.33
GSL2,2009,5,6.67
GSL2,2009,6,10
GSL2,2009,7,8.33
GSL2,2009,8,1.67
GSL2,2010,5,6.67
GSL2,2010,6,8.33
GSL2,2010,7,10
GSL2,2010,8,3.33
GSL2,2011,6,1.67
GSL2,2011,7,5
GSL2,2011,8,5
GSL2,2012,5,3.33
GSL2,2012,6,5
GSL2,2012,7,5
GSL2,2012,8,1.67
HOFF,2001,5,1.62
HOFF,2001,6,6
HOFF,2001,7,6
HOFF,2001,8,2
HOFF,2002,5,2
HOFF,2002,6,6
HOFF,2002,7,8
HOFF,2003,6,6
HOFF,2003,7,8
HOFF,2003,8,2
HOFF,2005,5,2
HOFF,2005,6,6
HOFF,2005,7,6
HOFF,2005,8,2
HOFF,2006,5,2
HOFF,2006,6,4
HOFF,2006,7,6.06
HOFF,2006,8,2
HOFF,2007,5,1.25
HOFF,2007,6,4.75
HOFF,2007,7,3.5
HOLL,1997,6,5.25
HOLL,1997,7,4.77
HOLL,1997,8,1.75
HOLL,1998,5,4.5
HOLL,1998,6,6.75
HOLL,1998,7,6.56
HOLL,1998,8,2.25
HOLL,1999,5,5
HOLL,1999,6,6.25
HOLL,1999,7,5
HOLL,2000,5,5
HOLL,2000,6,7.5
HOLL,2000,7,4.75
HOLL,2000,8,2.5
HOLL,2001,5,4.5
HOLL,2001,6,6
HOLL,2001,7,6.75
HOLL,2001,8,2.25
HOLL,2002,5,4.5
HOLL,2002,6,6.75
HOLL,2002,7,6.75
HOLL,2002,8,2.25
HOLL,2003,5,4.5
HOLL,2003,6,6.75
HOLL,2003,7,6.75
HOLL,2003,8,2.25
HOLL,2004,5,4.5
HOLL,2004,6,6.75
HOLL,2004,7,4.5
HOLL,2004,8,2.25
HOLL,2005,5,4.5
HOLL,2005,6,6.75
HOLL,2005,7,6.75
HOLL,2005,8,2.25
HOLL,2006,5,4.5
HOLL,2006,6,6.75
HOLL,2006,7,6.75
HOLL,2006,8,2.25
HOLL,2007,5,4.5
HOLL,2007,6,6.75
HOLL,2007,7,4.5
HOLL,2007,8,1.5
HOLL,2008,5,4.5
HOLL,2008,6,6.75
HOLL,2008,7,6.75
HOLL,2008,8,1.88
HOLL,2009,5,3
HOLL,2009,6,6.75
HOLL,2009,7,6.75
HOLL,2009,8,2.25
HOLL,2010,5,4.5
HOLL,2010,6,6.75
HOLL,2010,7,6.56
HOLL,2010,8,1.88
HOLL,2011,5,4.5
HOLL,2011,6,6.75
HOLL,2011,7,6.75
HUNT,1997,6,6.58
HUNT,1997,7,7.5
HUNT,1997,8,2.5
HUNT,1998,6,7.96
HUNT,1998,7,8
HUNT,1998,8,2.75
HUNT,1999,6,8
HUNT,1999,7,8
HUNT,1999,8,2.75
HUNT,2000,6,8
HUNT,2000,7,8
HUNT,2000,8,2.75
HUNT,2001,6,8.25
HUNT,2001,7,8.25
HUNT,2001,8,2.5
HUNT,2002,6,7.62
HUNT,2002,7,5.5
HUNT,2002,8,5.19
HUNT,2003,6,7.37
HUNT,2003,7,7.71
HUNT,2003,8,2.5
HUNT,2004,6,7.15
HUNT,2004,7,7.19
HUNT,2004,8,2.46
HUNT,2005,6,4.66
HUNT,2005,7,5.4
HUNT,2005,8,2.25
HUNT,2006,6,6.5
HUNT,2006,7,6.62
HUNT,2006,8,2.12
HUNT,2007,6,8
HUNT,2007,7,8.18
HUNT,2007,8,2.46
HUNT,2008,6,5.5
HUNT,2008,7,8.06
HUNT,2008,8,2.75
I104,1995,5,2.43
I104,1995,6,6.88
I104,1995,7,9.8
I104,1995,8,5
I104,1996,5,4.93
I104,1996,6,7.5
I104,1996,7,7.5
I104,1996,8,4.86
I104,1997,5,5
I104,1997,6,7.14
I104,1997,7,7.22
I104,1997,8,2.47
I104,1998,5,5
I104,1998,6,7.07
I104,1998,7,10
I104,1999,5,4.97
I104,1999,6,7.42
I104,1999,7,5.03
I104,1999,8,1.67
I104,2000,5,4.17
I104,2000,6,6.17
I104,2000,7,7.18
I104,2000,8,1.99
I104,2001,5,3.94
I104,2001,6,6.88
I104,2001,7,6.18
I104,2001,8,2.5
I104,2002,5,4.83
I104,2002,6,9.33
I104,2002,7,4.03
I104,2002,8,2.5
I104,2003,5,4.22
I104,2003,6,7.33
I104,2003,7,7.5
I104,2003,8,2.5
I104,2004,5,5
I104,2004,6,7.47
I104,2004,7,7.28
I104,2004,8,2.33
I104,2005,5,4.8
I104,2005,6,9.33
I104,2005,7,6.53
I104,2006,5,4.06
I104,2006,6,7.28
I104,2006,7,6.67
I104,2006,8,2.13
I104,2007,6,4.36
I104,2007,7,7.22
I104,2007,8,2.44
I104,2008,5,2.22
I104,2008,6,2.11
I104,2008,7,7.35
I104,2009,5,5
I104,2009,6,6.88
I104,2009,7,7.22
I104,2009,8,2.25
I113,1995,5,2.5
I113,1995,6,6.67
I113,1995,7,6.42
I113,1995,8,7.29
I113,1996,5,4.38
I113,1996,6,6.53
I113,1996,7,9.03
I113,1996,8,2.5
I113,1997,5,5
I113,1997,6,7.44
I113,1997,7,7.5
I113,1997,8,2.5
I113,1998,5,4.75
I113,1998,6,7.44
I113,1998,7,10
I113,1999,5,4.17
I113,1999,6,6.25
I113,1999,7,5.9
I113,1999,8,2.08
I113,2000,5,4.51
I113,2000,6,7.08
I113,2000,7,7.5
I113,2000,8,2.5
I113,2001,5,4.1
I113,2001,6,10
I113,2001,7,5
I113,2001,8,2.5
I113,2002,5,4.93
I113,2002,6,6.91
I113,2002,7,6.81
I113,2002,8,2.5
I113,2003,5,4.58
I113,2003,6,6.31
I113,2003,7,7.25
I113,2003,8,2.5
I113,2004,5,5
I113,2004,6,7.5
I113,2004,7,7.5
I113,2004,8,1.94
I113,2005,5,4.58
I113,2005,6,6.67
I113,2005,7,9.03
I113,2006,5,4.5
I113,2006,6,7.08
I113,2006,7,7.5
I113,2006,8,2.36
I113,2007,6,4.32
I113,2007,7,6.92
I113,2007,8,2.5
I113,2008,5,2.42
I113,2008,6,2.5
I113,2008,7,8.08
I113,2009,5,5
I113,2009,6,7.5
I113,2009,7,7.47
I113,2009,8,2.5
ICHA,2001,5,3.75
ICHA,2001,6,7.5
ICHA,2001,7,7.5
ICHA,2001,8,2.5
ICHA,2002,5,5
ICHA,2002,6,7.5
ICHA,2002,7,7.5
ICHA,2002,8,2.5
ICHA,2003,5,5
ICHA,2003,6,7.5
ICHA,2003,7,10
ICHA,2004,5,5
ICHA,2004,6,7.5
ICHA,2004,7,10
ICHA,2005,5,5
ICHA,2005,6,7.5
ICHA,2005,7,7.5
ICHA,2005,8,2.5
ICHA,2006,5,5
ICHA,2006,6,10
ICHA,2006,7,5
ICHA,2006,8,2.5
ICHA,2007,5,5
ICHA,2007,6,7.5
ICHA,2007,7,10
ICHA,2008,5,7.5
ICHA,2008,6,5
ICHA,2008,7,7.5
ICHA,2008,8,2.5
ICHA,2009,5,5
ICHA,2009,6,7.71
ICHA,2009,7,10
ICHA,2010,5,5.21
ICHA,2010,6,7.64
ICHA,2010,7,7.57
ICHA,2010,8,2.5
JOKU,2007,5,2.71
JOKU,2007,6,6.14
JOKU,2007,7,5.03
JOKU,2008,5,4.52
JOKU,2008,6,6.94
JOKU,2008,7,7.15
JOKU,2008,8,2.5
JOKU,2009,5,6.74
JOKU,2009,6,6.86
JOKU,2009,7,6.94
JOKU,2009,8,2.33
JOKU,2010,5,5
JOKU,2010,6,6.6
JOKU,2010,7,9.78
JOKU,2011,5,4.17
JOKU,2011,6,7.43
JOKU,2011,7,7.07
JOKU,2011,8,2.08
JOKU,2012,5,5
JOKU,2012,6,5.07
JOKU,2012,7,6.46
JOKU,2012,8,2.5
KAIS,2002,6,9.08
KAIS,2002,7,8.95
KAIS,2002,8,3
KAIS,2003,6,8.63
KAIS,2003,7,8.92
KAIS,2003,8,3
KANE,2002,6,5
KANE,2002,7,4.33
KANE,2002,8,1.5
KANE,2003,6,4.38
KANE,2003,7,4.5
KANE,2003,8,1.5
KANE,2004,6,6.75
KANE,2004,7,6.75
KANE,2004,8,2.25
KANE,2005,6,6
KANE,2005,7,5.88
KANE,2005,8,1.88
KANE,2006,6,6
KANE,2006,7,5.92
KANE,2006,8,1.67
KANE,2007,6,5.25
KANE,2007,7,4.89
KANE,2007,8,1.61
KANE,2008,6,5.25
KANE,2008,7,4.96
KANE,2008,8,1.75
KANE,2009,6,6.85
KANE,2009,7,3.5
KANE,2009,8,1.59
KARI,1993,6,7.5
KARI,1993,7,5
KARI,1993,8,3.96
KARI,1994,6,6.26
KARI,1994,7,9.93
KARI,1994,8,2.14
KARI,1995,6,6.6
KARI,1995,7,9.17
KARI,1995,8,2.5
KARI,1996,6,7.25
KARI,1996,7,9.03
KARI,1996,8,2.5
KARI,1997,5,2.5
KARI,1997,6,6.94
KARI,1997,7,4.31
KARI,1997,8,2.5
KARI,1998,6,8.85
KARI,1998,7,5
KARI,1998,8,2.44
KARI,1999,6,7.42
KARI,1999,7,7.17
KARI,1999,8,2.5
KARI,2000,5,2.22
KARI,2000,6,4.65
KARI,2000,7,6.67
KARI,2000,8,2.5
KARI,2001,5,2.57
KARI,2001,6,5
KARI,2001,7,10
KARI,2002,6,7.14
KARI,2002,7,6.67
KARI,2002,8,1.39
KETT,2000,5,4.39
KETT,2000,6,5
KETT,2000,7,7.5
KETT,2000,8,4.17
KETT,2001,6,7.64
KETT,2001,7,7.15
KETT,2001,8,1.67
KETT,2002,6,6.58
KETT,2002,7,6.82
KETT,2002,8,2.28
KETT,2003,6,7.92
KETT,2003,7,7.08
KETT,2003,8,2.5
KETT,2004,6,6.6
KETT,2004,7,7.5
KETT,2004,8,2.5
KETT,2005,6,7.5
KETT,2005,7,7.43
KETT,2005,8,2.5
KETT,2006,6,9.17
KETT,2006,7,4.72
KETT,2006,8,2.08
KETT,2007,6,6.25
KETT,2007,7,4.72
KETT,2007,8,2.08
KETT,2008,6,7.5
KETT,2008,7,5
KETT,2008,8,2.5
KETT,2009,6,6.12
KETT,2009,7,4.79
KETT,2009,8,2.15
KSMA,2004,6,6.89
KSMA,2004,7,7.5
KSMA,2004,8,2.5
KSMA,2005,6,7.43
KSMA,2005,7,7.43
KSMA,2005,8,2.5
KSMA,2006,6,7.57
KSMA,2006,7,6.32
KSMA,2006,8,2.5
KSMA,2007,6,4.75
KSMA,2007,7,5
KSMA,2007,8,2.46
LAUR,1992,7,0.97
LAUR,1992,8,3.75
LAUR,1993,6,5.25
LAUR,1993,7,5.25
LAUR,1993,8,5.15
LAUR,1994,6,5.25
LAUR,1994,7,5.25
LAUR,1994,8,5.25
LAUR,1995,6,5.25
LAUR,1995,7,5.2
LAUR,1995,8,5.3
LAUR,1996,6,4.52
LAUR,1996,7,6.39
LAUR,1996,8,3.5
LAUR,1997,5,1.75
LAUR,1997,6,5.25
LAUR,1997,7,5.25
LAUR,1997,8,1.75
LAUR,1998,5,1.75
LAUR,1998,6,5.25
LAUR,1998,7,5.25
LAUR,1998,8,1.75
LAUR,1999,5,1.75
LAUR,1999,6,7
LAUR,1999,7,3.5
LAUR,1999,8,1.75
LAUR,2000,5,1.75
LAUR,2000,6,5.3
LAUR,2000,7,5.3
LAUR,2000,8,1.75
LAUR,2001,5,3.5
LAUR,2001,6,3.5
LAUR,2001,7,5.25
LAUR,2001,8,1.75
LAUR,2002,5,1.5
LAUR,2002,6,4.5
LAUR,2002,7,4.5
LAUR,2002,8,1.5
LAUR,2003,5,3
LAUR,2003,6,3
LAUR,2003,7,4.5
LAUR,2003,8,1.5
LAUR,2004,5,1.5
LAUR,2004,6,4.5
LAUR,2004,7,4.5
LAUR,2004,8,1.5
LAUR,2005,5,1.5
LAUR,2005,6,4.5
LAUR,2005,7,4.5
LAUR,2005,8,1.5
LAUR,2006,5,1.5
LAUR,2006,6,4.5
LAUR,2006,7,4.5
LAUR,2006,8,1.5
LAUR,2007,5,1.5
LAUR,2007,6,6
LAUR,2007,7,3
LAUR,2007,8,1.5
LDLA,1994,6,7.5
LDLA,1994,7,7.25
LDLA,1994,8,6.53
LDLA,1995,6,10.5
LDLA,1995,7,8.5
LDLA,1995,8,9
LDLA,1996,5,2.23
LDLA,1996,6,8.97
LDLA,1996,7,9
LDLA,1996,8,9
LDLA,1997,5,3
LDLA,1997,6,7.42
LDLA,1997,7,9
LDLA,1997,8,2.78
LDLA,1998,5,5.61
LDLA,1998,6,7.56
LDLA,1998,7,6.5
LDLA,1999,5,1.72
LDLA,1999,6,8.67
LDLA,1999,7,9.54
LDLA,2000,5,2.62
LDLA,2000,6,7.61
LDLA,2000,7,6.22
LDLA,2001,5,1.93
LDLA,2001,6,10.91
LDLA,2001,7,4.62
LDLA,2001,8,2.67
LDLA,2002,5,3
LDLA,2002,6,9
LDLA,2002,7,12
LDLA,2004,5,4.57
LDLA,2004,6,7.5
LDLA,2004,7,7.5
LNER,1992,5,1.5
LNER,1992,6,6.38
LNER,1992,7,9.25
LNER,1992,8,7.75
LNER,1993,5,3.12
LNER,1993,6,11.42
LNER,1993,7,10.71
LNER,1993,8,10.88
LNER,1993,9,2.83
LNER,1994,5,2.92
LNER,1994,6,11.6
LNER,1994,7,11.67
LNER,1994,8,14.36
LNER,1995,5,2.71
LNER,1995,6,9.08
LNER,1995,7,10.62
LNER,1995,8,12.94
LNER,1996,5,2.92
LNER,1996,6,11.43
LNER,1996,7,14.25
LNER,1996,8,10.4
LNER,1997,5,3.19
LNER,1997,6,8.93
LNER,1997,7,14.58
LNER,1997,8,5.79
LNER,1998,5,2.83
LNER,1998,6,6.19
LNER,1998,7,14.21
LNER,1998,8,11.65
LNER,1999,5,3
LNER,1999,6,12.17
LNER,1999,7,11.56
LNER,1999,8,10.94
LNER,2000,5,2.69
LNER,2000,6,10.89
LNER,2000,7,10.4
LNER,2000,8,4.93
LNER,2001,5,2.92
LNER,2001,6,11.83
LNER,2001,7,10.54
LNER,2001,8,10
LNER,2002,5,2.5
LNER,2002,6,8.33
LNER,2002,7,12.92
LNER,2002,8,7.5
LNER,2003,5,2.5
LNER,2003,6,10.42
LNER,2003,7,12.5
LNER,2003,8,5
LNER,2004,5,2.5
LNER,2004,6,10.21
LNER,2004,7,10
LNER,2004,8,2.5
LNER,2005,5,2.54
LNER,2005,6,8.01
LNER,2005,7,7.67
LNER,2005,8,3.08
LNER,2006,5,2.5
LNER,2006,6,7.5
LNER,2006,7,10.33
LNER,2006,8,2.5
LNER,2007,5,2.62
LNER,2007,6,10.99
LNER,2007,7,10.28
LNER,2007,8,5
LNER,2008,5,2.5
LNER,2008,6,7.62
LNER,2008,7,12.86
LNER,2008,8,1.46
LNER,2009,6,7.69
LNER,2009,7,11.81
LNER,2009,8,5.08
MAP1,2001,6,8.25
MAP1,2001,7,8.25
MAP1,2001,8,2.75
MAP1,2002,6,8.25
MAP1,2002,7,8.25
MAP1,2002,8,2.75
MAP1,2003,6,7.33
MAP1,2003,7,8.25
MAP1,2003,8,2.26
MAP1,2004,6,8.48
MAP1,2004,7,7.46
MAP1,2004,8,2.75
MAP1,2005,6,11.06
MAP1,2005,7,5.25
MAP1,2005,8,2.75
MAP1,2006,6,11
MAP1,2006,7,8.25
MAP1,2007,6,8.25
MAP1,2007,7,8.25
MAP1,2007,8,2.75
MAP1,2008,6,8.25
MAP1,2008,7,8.25
MAP1,2008,8,2.75
MAP1,2009,6,8.25
MAP1,2009,7,6.88
MAP1,2009,8,2.75
MAP1,2010,6,8.25
MAP1,2010,7,8.25
MAP1,2010,8,2.75
MAP2,2001,6,6
MAP2,2001,7,6.5
MAP2,2001,8,2
MAP2,2002,6,5.25
MAP2,2002,7,6.19
MAP2,2002,8,2.25
MAP2,2003,6,6.75
MAP2,2003,7,6.75
MAP2,2003,8,2
MAP2,2004,5,2.25
MAP2,2004,6,4.62
MAP2,2004,7,6.75
MAP2,2004,8,2.25
MAP2,2005,6,7.12
MAP2,2005,7,6.69
MAP2,2005,8,2.31
MAP2,2006,6,6.75
MAP2,2006,7,6.75
MAP2,2006,8,2.25
MAP2,2007,6,6.75
MAP2,2007,7,6.75
MAP2,2007,8,2.25
MAP2,2008,6,6.71
MAP2,2008,7,6.5
MAP2,2008,8,2.25
MBBS,1997,5,2.5
MBBS,1997,6,4.93
MBBS,1997,7,7.5
MBBS,1997,8,2.5
MBBS,1998,5,2.5
MBBS,1998,6,5
MBBS,1998,7,7.5
MBBS,1998,8,2.5
MBBS,1999,6,7.5
MBBS,1999,7,7.5
MBBS,1999,8,2.5
MBBS,2000,6,8.25
MBBS,2000,7,10.75
MBBS,2001,6,7.4
MBBS,2001,7,8.22
MBBS,2001,8,2.75
MBBS,2002,6,8.25
MBBS,2002,7,8.17
MBBS,2002,8,2.75
MBBS,2003,5,2.75
MBBS,2003,6,5.5
MBBS,2003,7,8.25
MBBS,2003,8,2.75
MBBS,2004,5,2.75
MBBS,2004,6,5.25
MBBS,2004,7,8.25
MBBS,2004,8,2.75
MBBS,2005,6,7.79
MBBS,2005,7,8.25
MBBS,2005,8,2.75
MBBS,2006,5,2.5
MBBS,2006,6,5.25
MBBS,2006,7,8.17
MBBS,2006,8,2.75
MCSP,1994,6,7.5
MCSP,1994,7,9
MCSP,1994,8,4.5
MCSP,1995,5,2.45
MCSP,1995,6,9.43
MCSP,1995,7,7.46
MCSP,1995,8,3.96
MCSP,1996,5,2.44
MCSP,1996,6,7.25
MCSP,1996,7,6.74
MCSP,1996,8,7.25
MCSP,1997,5,3.81
MCSP,1997,6,4.94
MCSP,1997,7,7.5
MCSP,1997,8,2.5
MCSP,1998,5,3.96
MCSP,1998,6,6.25
MCSP,1998,7,5.14
MCSP,1998,8,2.5
MCSP,1999,5,0.62
MCSP,1999,6,8.42
MCSP,1999,7,10
MCSP,2000,5,2.5
MCSP,2000,6,5.28
MCSP,2000,7,7.19
MCSP,2000,8,2.47
MCSP,2001,5,2.5
MCSP,2001,6,7.5
MCSP,2001,7,6.28
MCSP,2001,8,1.92
MCSP,2002,5,2.22
MCSP,2002,6,7.47
MCSP,2002,7,7.5
MCSP,2002,8,2.5
MCSP,2004,5,2.47
MCSP,2004,6,5.6
MCSP,2004,7,8.89
MCSP,2005,5,2.4
MCSP,2005,6,7.5
MCSP,2005,7,7.47
MCSP,2005,8,2.5
MCSP,2006,5,2.5
MCSP,2006,6,7.5
MCSP,2006,7,7.5
MCSP,2006,8,2.22
MCSP,2007,5,2.18
MCSP,2007,6,7.19
MCSP,2007,7,8.28
MCSP,2008,5,2.36
MCSP,2008,6,9.44
MCSP,2008,7,3.89
MCSP,2008,8,2.5
MOWO,1994,6,7.5
MOWO,1994,7,7.25
MOWO,1994,8,7.5
MOWO,1995,6,7.5
MOWO,1995,7,7.5
MOWO,1995,8,7
MOWO,1996,6,7.25
MOWO,1996,7,7.5
MOWO,1996,8,7.25
MOWO,1997,5,2.25
MOWO,1997,6,6.75
MOWO,1997,7,6.75
MOWO,1998,6,7.5
MOWO,1998,7,5
MOWO,1998,8,5
MOWO,1999,6,7.25
MOWO,1999,7,6.75
MOWO,1999,8,2.25
MOWO,2000,6,7.5
MOWO,2000,7,10
MOWO,2001,6,7.5
MOWO,2001,7,7.5
MOWO,2001,8,2.5
MOWO,2002,6,6.75
MOWO,2002,7,9
MOWO,2003,6,6.75
MOWO,2003,7,6.75
MOWO,2003,8,2.25
MOWO,2004,6,6.75
MOWO,2004,7,6.75
MOWO,2004,8,2.25
MOWO,2005,6,4.5
MOWO,2005,7,9
MOWO,2005,8,2.25
MOWO,2006,5,2.25
MOWO,2006,6,4.5
MOWO,2006,7,6.75
MOWO,2006,8,2.25
MOWO,2007,6,6.75
MOWO,2007,7,9
MWSF,1997,6,9
MWSF,1997,7,9
MWSF,1997,8,3
MWSF,1998,6,8.83
MWSF,1998,7,9
MWSF,1998,8,3
MWSF,1999,6,9
MWSF,1999,7,8.96
MWSF,1999,8,3
MWSF,2000,6,7.25
MWSF,2000,7,9
MWSF,2000,8,3
MWSF,2001,6,9
MWSF,2001,7,8
MWSF,2001,8,3
MWSF,2002,6,9
MWSF,2002,7,9
MWSF,2002,8,3
MWSF,2003,6,7.74
MWSF,2003,7,9
MWSF,2003,8,3
MWSF,2004,6,8.83
MWSF,2004,7,5.69
MWSF,2004,8,2
MWSF,2005,6,9
MWSF,2005,7,7.5
MWSF,2005,8,3
MWSF,2006,6,6.83
MWSF,2006,7,8.92
MWSF,2006,8,3
MWSF,2007,6,9
MWSF,2007,7,9
MWSF,2007,8,3
MWSF,2008,6,8.25
MWSF,2008,7,8.88
MWSF,2008,8,1.75
MWSF,2009,6,12
MWSF,2009,7,6
MWSF,2009,8,3
MWSF,2010,6,9
MWSF,2010,7,7.5
MYPR,1994,6,3.71
MYPR,1994,7,3.19
MYPR,1994,8,2.24
MYPR,1995,6,6.39
MYPR,1995,7,5.49
MYPR,1995,8,2.76
MYPR,1996,6,7.39
MYPR,1996,7,6.28
MYPR,1996,8,2.58
MYPR,1997,6,7.24
MYPR,1997,7,6.68
MYPR,1997,8,1.67
MYPR,1998,6,6.82
MYPR,1998,7,7.4
MYPR,1999,6,6.25
MYPR,1999,7,6.56
MYPR,1999,8,1.39
MYPR,2000,6,7.12
MYPR,2000,7,3.89
MYPR,2001,6,7.78
MYPR,2001,7,1.39
MYPR,2001,8,2.55
MYPR,2002,5,2.5
MYPR,2002,6,3.28
MYPR,2002,7,6.32
MYPR,2003,5,1.67
MYPR,2003,6,5.97
MYPR,2003,7,2.64
MYPR,2003,8,1.39
MYPR,2004,5,1.67
MYPR,2004,6,3.33
MYPR,2004,7,5.28
MYPR,2004,8,1.39
MYPR,2005,6,4.72
MYPR,2005,7,4.03
MYPR,2005,8,2.92
MYPR,2005,9,2.5
MYPR,2005,10,1.39
MYPR,2006,6,5
MYPR,2006,7,3.96
MYPR,2006,8,1.25
NAT1,2005,5,10
NAT1,2005,6,15
NAT1,2005,7,15
NAT1,2005,8,5
NAT1,2006,5,10.83
NAT1,2006,6,20
NAT1,2006,7,10
NAT1,2006,8,5
NAT1,2007,5,7.17
NAT1,2007,6,15
NAT1,2007,7,18.33
NAT1,2008,5,10
NAT1,2008,6,15
NAT1,2008,7,18.89
NAT1,2009,5,10
NAT1,2009,6,15
NAT1,2009,7,15.83
NAT1,2010,5,10
NAT1,2010,6,13.17
NAT1,2010,7,15
NAT1,2010,8,5
NAT1,2011,6,2.5
NAT1,2011,7,7.46
NAT1,2011,8,7.5
NAT1,2012,5,5
NAT1,2012,6,7.5
NAT1,2012,7,7.5
NAT1,2012,8,2.5
NAT2,2005,5,10
NAT2,2005,6,15
NAT2,2005,7,15
NAT2,2005,8,5
NAT2,2006,5,10.83
NAT2,2006,6,19
NAT2,2006,7,10
NAT2,2006,8,5
NAT2,2007,5,7.5
NAT2,2007,6,14
NAT2,2007,7,18.33
NAT2,2008,5,10
NAT2,2008,6,15
NAT2,2008,7,18.33
NAT2,2009,5,10
NAT2,2009,6,15
NAT2,2009,7,15.83
NAT2,2010,5,10
NAT2,2010,6,11.67
NAT2,2010,7,15
NAT2,2010,8,5
NAT2,2011,6,2.25
NAT2,2011,7,7.5
NAT2,2011,8,7.5
NAT2,2012,5,5
NAT2,2012,6,6.75
NAT2,2012,7,7.5
NAT2,2012,8,2.5
OHRI,1994,6,10
OHRI,1994,7,7.5
OHRI,1994,8,5
OHRI,1995,5,2.5
OHRI,1995,6,7.36
OHRI,1995,7,7.15
OHRI,1995,8,7.5
OHRI,1996,5,2.5
OHRI,1996,6,6.88
OHRI,1996,7,7.5
OHRI,1996,8,7.5
OHRI,1997,5,2.5
OHRI,1997,6,7.01
OHRI,1997,7,9.97
OHRI,1998,5,1.67
OHRI,1998,6,5.53
OHRI,1998,7,7.22
OHRI,1998,8,2.5
OHRI,1999,6,5.97
OHRI,1999,7,9.72
OHRI,2000,5,1.12
OHRI,2000,6,7.46
OHRI,2000,7,5.51
OHRI,2000,8,2.25
OHRI,2001,5,1.69
OHRI,2001,6,7.5
OHRI,2001,7,6.54
OHRI,2001,8,2.5
OHRI,2002,5,2.5
OHRI,2002,6,7.5
OHRI,2002,7,7.5
OHRI,2002,8,2.5
OHRI,2004,5,2.29
OHRI,2004,6,7.08
OHRI,2004,7,7.5
OHRI,2004,8,2.5
OHRI,2005,6,7.46
OHRI,2005,7,6.64
OHRI,2005,8,1.88
OHRI,2006,5,2.5
OHRI,2006,6,4.78
OHRI,2006,7,7.06
OHRI,2006,8,2.44
PIPE,1994,5,7.27
PIPE,1994,6,6.03
PIPE,1994,7,12.05
PIPE,1994,8,3.25
PIPE,1995,5,10.35
PIPE,1995,6,6.98
PIPE,1995,7,11.92
PIPE,1995,8,2.89
PIPE,1996,5,6.55
PIPE,1996,6,8.78
PIPE,1996,7,9.6
PIPE,1996,8,6.29
PIPE,1997,5,6.75
PIPE,1997,6,10.5
PIPE,1997,7,13.89
PIPE,1998,5,10.08
PIPE,1998,6,6.22
PIPE,1998,7,11.05
PIPE,1999,5,6.17
PIPE,1999,6,8.69
PIPE,1999,7,5.31
PIPE,2000,5,6.22
PIPE,2000,6,8.48
PIPE,2000,7,6.9
PIPE,2000,8,2.05
PIPE,2001,5,6.01
PIPE,2001,6,8.61
PIPE,2001,7,7.64
PIPE,2001,8,2.39
PIPE,2002,5,4.97
PIPE,2002,6,7.78
PIPE,2002,7,9.92
PIPE,2003,5,8.08
PIPE,2003,6,5.11
PIPE,2003,7,8.28
PIPE,2003,8,2.24
PIPE,2004,5,6.36
PIPE,2004,6,8.48
PIPE,2004,7,8.61
PIPE,2004,8,2.33
PIPE,2005,5,6.28
PIPE,2005,6,8.87
PIPE,2005,7,7.81
PIPE,2005,8,2.42
PIPE,2006,5,7.97
PIPE,2006,6,4.05
PIPE,2006,7,6.64
PIPE,2006,8,1.98
PIPE,2007,5,6.28
PIPE,2007,6,8.72
PIPE,2007,7,6.78
PIPE,2007,8,2.83
PIPE,2008,5,5.44
PIPE,2008,6,10.6
PIPE,2008,7,4.46
PIPE,2008,8,2.5
PIPE,2009,5,6.44
PIPE,2009,6,8.03
PIPE,2009,7,6.96
PIPE,2009,8,1.99
POWD,1992,6,4.97
POWD,1992,7,5.5
POWD,1992,8,10.01
POWD,1993,6,5.04
POWD,1993,7,5.58
POWD,1993,8,13.98
POWD,1994,6,3.67
POWD,1994,7,10.54
POWD,1994,8,18.06
POWD,1995,6,5.42
POWD,1995,7,8.86
POWD,1995,8,18.17
POWD,1996,6,5.5
POWD,1996,7,7.03
POWD,1996,8,20.93
POWD,1997,5,1.6
POWD,1997,6,3.67
POWD,1997,7,8.86
POWD,1997,8,3.21
POWD,1998,5,1.67
POWD,1998,6,3.33
POWD,1998,7,7.92
POWD,1998,8,2.92
POWD,1999,6,5
POWD,1999,7,6.67
POWD,1999,8,16.3
POWD,2000,6,5
POWD,2000,7,6.39
POWD,2000,8,9.38
POWD,2001,6,5
POWD,2001,7,6.53
POWD,2001,8,5
POWD,2002,6,5
POWD,2002,7,6.53
POWD,2002,8,5
POWD,2003,6,5
POWD,2003,7,6.67
POWD,2003,8,5
POWD,2004,5,1.67
POWD,2004,6,3.33
POWD,2004,7,6.67
POWD,2004,8,5
POWD,2005,5,1.67
POWD,2005,6,3.33
POWD,2005,7,8.33
POWD,2005,8,3.33
POWD,2006,5,1.67
POWD,2006,6,3.33
POWD,2006,7,8.33
POWD,2006,8,3.33
POWD,2007,5,0.78
POWD,2007,6,5
POWD,2007,7,8.33
POWD,2007,8,3.33
POWD,2008,6,5
POWD,2008,7,6.67
POWD,2008,8,3.33
PULS,2008,5,3.2
PULS,2008,6,2.17
PULS,2008,7,4.5
PULS,2008,8,1.5
PULS,2009,5,4.83
PULS,2009,6,1.5
PULS,2009,7,3
PULS,2009,8,1.12
PULS,2010,5,4.24
PULS,2010,6,3.85
PULS,2010,7,2.71
PULS,2011,5,4.42
PULS,2011,6,3
PULS,2011,7,5.29
PULS,2012,5,4.15
PULS,2012,6,4.5
PULS,2012,7,2.97
PULS,2012,8,1.32
PUNK,2002,5,2.5
PUNK,2002,6,5
PUNK,2002,7,7.5
PUNK,2002,8,2.5
PUNK,2003,5,2.5
PUNK,2003,6,5
PUNK,2003,7,6.94
PUNK,2003,8,1.81
PUNK,2004,5,2.5
PUNK,2004,6,4.75
PUNK,2004,7,7.08
PUNK,2004,8,2.5
PUNK,2005,6,9.75
PUNK,2005,7,12.73
PUNK,2006,5,3.25
PUNK,2006,6,3.25
PUNK,2006,7,12.21
PUNK,2006,8,2.71
PUNK,2007,6,13
PUNK,2007,7,6.05
PUNK,2007,8,3.16
PUNK,2008,6,9.75
PUNK,2008,7,9.13
PUNK,2008,8,3.25
PUNK,2009,6,9.75
PUNK,2009,7,9.68
PUNK,2009,8,2.98
RACK,2004,6,7.17
RACK,2004,7,6.84
RACK,2004,8,2.5
RACK,2005,6,7.5
RACK,2005,7,7.5
RACK,2005,8,2.5
RACK,2006,6,7.25
RACK,2006,7,7.5
RACK,2006,8,2.5
RACK,2007,6,7.5
RACK,2007,7,7.5
RACK,2007,8,2.5
RACK,2008,6,7.29
RACK,2008,7,7.08
RACK,2008,8,2.5
RACK,2009,6,7.5
RACK,2009,7,7.08
RACK,2009,8,2.08
RACK,2010,6,4.38
RACK,2010,7,9.58
RACK,2010,8,2.5
RIBA,2007,6,0.56
RIBA,2007,7,0.67
RIBA,2008,5,2.5
RIBA,2008,6,7.46
RIBA,2008,7,7.19
RIBA,2008,8,2.5
RIBA,2009,5,2.25
RIBA,2009,6,7.42
RIBA,2009,7,7.5
RIBA,2009,8,2.5
RIBA,2010,5,2.5
RIBA,2010,6,7.25
RIBA,2010,7,7.5
RIBA,2010,8,2.5
RIBA,2011,5,2.5
RIBA,2011,6,7.5
RIBA,2011,7,6.76
RIBA,2011,8,2.5
RIBA,2012,5,2.5
RIBA,2012,6,7.44
RIBA,2012,7,7.5
RIBA,2012,8,2.5
S110,1995,5,2.57
S110,1995,6,7.32
S110,1995,7,7.5
S110,1995,8,7.5
S110,1996,5,5
S110,1996,6,7.44
S110,1996,7,6.6
S110,1996,8,4.58
S110,1997,5,4.97
S110,1997,6,7.36
S110,1997,7,7.5
S110,1997,8,2.5
S110,1998,5,5
S110,1998,6,9.17
S110,1998,7,5
S110,1998,8,2.47
S110,1999,5,4.97
S110,1999,6,7.5
S110,1999,7,5.62
S110,1999,8,2.08
S110,2000,5,4.38
S110,2000,6,7.5
S110,2000,7,7.5
S110,2000,8,2.5
S110,2001,5,4.78
S110,2001,6,7.64
S110,2001,7,6.25
S110,2001,8,2.5
S110,2002,5,5.07
S110,2002,6,7.5
S110,2002,7,6.6
S110,2002,8,2.29
S110,2003,5,6.6
S110,2003,6,2.5
S110,2003,7,10.07
S110,2003,8,2.5
S110,2004,5,7.08
S110,2004,6,4.88
S110,2004,7,7.22
S110,2004,8,2.33
S110,2005,5,5
S110,2005,6,7.5
S110,2005,7,9.93
S110,2006,5,4.69
S110,2006,6,6.89
S110,2006,7,7.14
S110,2006,8,2.33
S110,2007,6,4.72
S110,2007,7,6.94
S110,2007,8,2.5
S110,2008,5,2.5
S110,2008,6,2.19
S110,2008,7,5.78
S110,2008,8,1.67
S110,2009,5,3.77
S110,2009,6,7.43
S110,2009,7,7.4
S110,2009,8,2.47
S112,1995,5,2.5
S112,1995,6,7.5
S112,1995,7,7.5
S112,1995,8,7.5
S112,1996,5,7.5
S112,1996,6,7.5
S112,1996,7,6.67
S112,1996,8,2.5
S112,1997,5,7.5
S112,1997,6,4.78
S112,1997,7,10
S112,1998,5,5
S112,1998,6,7.5
S112,1998,7,7.5
S112,1998,8,2.5
S112,1999,5,5
S112,1999,6,7.06
S112,1999,7,8.26
S112,2000,5,4.65
S112,2000,6,6.67
S112,2000,7,5
S112,2000,8,4.38
S112,2001,5,2.42
S112,2001,6,6.46
S112,2001,7,7.22
S112,2001,8,2.08
S112,2002,5,5
S112,2002,6,6.46
S112,2002,7,4.17
S112,2002,8,2.29
S112,2003,5,2.5
S112,2003,6,9.79
S112,2003,7,7.22
S112,2003,8,1.39
S112,2004,5,5
S112,2004,6,7.5
S112,2004,7,7.5
S112,2004,8,2.5
S112,2005,5,5
S112,2005,6,7.36
S112,2005,7,9.86
S112,2006,5,3.97
S112,2006,6,7.44
S112,2006,7,7.5
S112,2006,8,1.39
S112,2007,6,4.4
S112,2007,7,7.47
S112,2007,8,2.5
S112,2008,5,2.22
S112,2008,6,2.25
S112,2008,7,6.89
S112,2008,8,2.11
S112,2009,5,4.38
S112,2009,6,7.5
S112,2009,7,6.22
S112,2009,8,2.5
S114,1995,5,4.58
S114,1995,6,4.9
S114,1995,7,7.29
S114,1995,8,6.46
S114,1996,5,5
S114,1996,6,7.5
S114,1996,7,7.5
S114,1996,8,3.82
S114,1997,5,4.97
S114,1997,6,7.17
S114,1997,7,7.5
S114,1997,8,1.94
S114,1998,5,5
S114,1998,6,7.31
S114,1998,7,7.5
S114,1998,8,2.5
S114,1999,5,5
S114,1999,6,6.6
S114,1999,7,6.04
S114,1999,8,2.08
S114,2000,5,3.82
S114,2000,6,5
S114,2000,7,1.74
S114,2001,5,4.54
S114,2001,6,7.08
S114,2001,7,6.83
S114,2001,8,2.5
S114,2003,5,4.72
S114,2003,6,7.47
S114,2003,7,9.83
S114,2004,5,5
S114,2004,6,6.88
S114,2004,7,9.67
S114,2005,5,5
S114,2005,6,7.19
S114,2005,7,9.79
S114,2006,5,4.25
S114,2006,6,6.78
S114,2006,7,7.19
S114,2006,8,2.44
S114,2007,6,4.5
S114,2007,7,9.72
S114,2008,5,5.11
S114,2008,6,2.5
S114,2008,7,4.36
S114,2008,8,2.44
S114,2009,5,7.39
S114,2009,6,7.5
S114,2009,7,7.47
SACE,1997,6,11.67
SACE,1997,7,6
SACE,1997,8,3
SACE,1998,6,8.67
SACE,1998,7,9
SACE,1998,8,3
SACE,1999,6,8.96
SACE,1999,7,9
SACE,1999,8,3
SACE,2000,6,11.5
SACE,2000,7,5.94
SACE,2000,8,3
SACE,2001,6,7.79
SACE,2001,7,12
SACE,2002,6,9
SACE,2002,7,9
SACE,2002,8,3
SACE,2003,6,8.75
SACE,2003,7,8.26
SACE,2003,8,2.75
SACE,2004,6,10.92
SACE,2004,7,4.38
SACE,2004,8,3
SACE,2005,5,3
SACE,2005,6,8.97
SACE,2005,7,9
SACE,2006,6,12
SACE,2006,7,6
SACE,2006,8,3
SACE,2007,5,3
SACE,2007,6,6
SACE,2007,7,12
SACE,2008,6,12
SACE,2008,7,9
SACE,2009,6,8.88
SACE,2009,7,9
SACE,2009,8,3
SACE,2010,6,12
SACE,2010,7,4.88
SACE,2010,8,3
SACF,1997,6,9
SACF,1997,7,9
SACF,1997,8,3
SACF,1998,6,8.71
SACF,1998,7,9
SACF,1998,8,3
SACF,1999,6,8.74
SACF,1999,7,12
SACF,2000,6,8.42
SACF,2000,7,8.96
SACF,2000,8,3
SACF,2001,6,9
SACF,2001,7,11.4
SACF,2002,6,8.92
SACF,2002,7,8.96
SACF,2002,8,3
SACF,2003,6,8.96
SACF,2003,7,9.15
SACF,2003,8,2.5
SACF,2004,6,7.75
SACF,2004,7,12
SACF,2005,6,9
SACF,2005,7,11
SACF,2006,5,3
SACF,2006,6,4.92
SACF,2006,7,9
SACF,2007,6,8.97
SACF,2007,7,11.67
SACF,2008,6,9.03
SACF,2008,7,11.88
SACF,2009,6,9
SACF,2009,7,9
SACF,2009,8,2
SACF,2010,6,9
SACF,2010,7,9
SACF,2010,8,3
SAHI,2003,6,4.64
SAHI,2003,7,7.5
SAHI,2003,8,2.5
SAHI,2004,5,4.92
SAHI,2004,6,9.03
SAHI,2004,7,7.5
SAHI,2005,5,5
SAHI,2005,6,9.6
SAHI,2005,7,6.41
SAHI,2006,5,4.87
SAHI,2006,6,6.96
SAHI,2006,7,9.15
SAHI,2007,6,4.61
SAHI,2007,7,7.06
SAHI,2007,8,2.36
SAHI,2008,5,2.5
SAHI,2008,6,3.58
SAHI,2008,7,4.44
SAHI,2008,8,2.17
SAHI,2009,5,4.86
SAHI,2009,6,7.13
SAHI,2009,7,9.61
SAJU,1994,5,4.24
SAJU,1994,6,11.18
SAJU,1994,7,8.99
SAJU,1994,8,3.06
SAJU,1995,5,6.47
SAJU,1995,6,9.72
SAJU,1995,7,8.54
SAJU,1995,8,5.39
SAJU,1996,5,9.61
SAJU,1996,6,9.04
SAJU,1996,7,6.09
SAJU,1996,8,5.6
SAJU,1997,5,6.59
SAJU,1997,6,9.75
SAJU,1997,7,9.75
SAJU,1997,8,3.25
SAJU,1998,5,6.39
SAJU,1998,6,11.72
SAJU,1998,7,5.03
SAJU,1998,8,2.42
SAJU,1999,5,5.06
SAJU,1999,6,10.71
SAJU,1999,7,6.38
SAJU,2000,5,6.08
SAJU,2000,6,8.99
SAJU,2000,7,7.26
SAJU,2000,8,2.01
SAJU,2001,5,5.73
SAJU,2001,6,9.36
SAJU,2001,7,10.25
SAJU,2002,5,6.44
SAJU,2002,6,8.64
SAJU,2002,7,5.36
SAJU,2002,8,1.81
SAJU,2003,5,6.19
SAJU,2003,6,7.53
SAJU,2003,7,6.22
SAJU,2003,8,2.39
SAJU,2004,5,6.33
SAJU,2004,6,9.06
SAJU,2004,7,9.75
SAJU,2004,8,2.8
SAJU,2005,5,5.89
SAJU,2005,6,9.7
SAJU,2005,7,7.72
SAJU,2005,8,2.5
SAJU,2006,5,5.7
SAJU,2006,6,5.22
SAJU,2006,7,10.08
SAJU,2007,5,5.89
SAJU,2007,6,9.18
SAJU,2007,7,8.27
SAJU,2007,8,3.25
SAJU,2008,5,4.97
SAJU,2008,6,7.47
SAJU,2008,7,7.76
SAJU,2008,8,2.17
SAJU,2009,5,6.44
SAJU,2009,6,7.76
SAJU,2009,7,6.44
SAJU,2009,8,1.62
SARI,1994,6,7.64
SARI,1994,7,7.11
SARI,1994,8,7.5
SARI,1995,6,9.86
SARI,1995,7,6.5
SARI,1995,8,7.5
SARI,1996,5,1.96
SARI,1996,6,7.5
SARI,1996,7,7.06
SARI,1996,8,7.5
SARI,1997,5,2.5
SARI,1997,6,8.26
SARI,1997,7,7.5
SARI,1998,5,2.44
SARI,1998,6,7.19
SARI,1998,7,6.25
SARI,1998,8,2.5
SARI,1999,5,2.06
SARI,1999,6,7.35
SARI,1999,7,10
SARI,2000,5,2.5
SARI,2000,6,7.5
SARI,2000,7,7.47
SARI,2000,8,2.22
SARI,2001,5,2.5
SARI,2001,6,7.29
SARI,2001,7,6.94
SARI,2001,8,2.42
SARI,2002,5,2.5
SARI,2002,6,7.5
SARI,2002,7,7.47
SARI,2002,8,2.47
SARI,2004,5,1.47
SARI,2004,6,7.47
SARI,2004,7,6.94
SARI,2004,8,2.5
SARI,2005,5,2.5
SARI,2005,6,7.65
SARI,2005,7,5.23
SARI,2005,8,2.5
SARI,2006,5,2.5
SARI,2006,6,7.19
SARI,2006,7,7.47
SARI,2006,8,1.94
SARI,2007,5,2.44
SARI,2007,6,7.42
SARI,2007,7,9.64
SARI,2008,5,2.5
SARI,2008,6,6.25
SARI,2008,7,6.92
SARI,2008,8,2.5
SEED,1994,5,2.42
SEED,1994,6,7.47
SEED,1994,7,6.32
SEED,1994,8,7.5
SEED,1995,6,7.25
SEED,1995,7,7.46
SEED,1995,8,7.5
SEED,1996,6,7.5
SEED,1996,7,7.5
SEED,1996,8,7.5
SEED,1997,6,6.53
SEED,1997,7,7.5
SEED,1997,8,2.5
SEED,1998,6,6.67
SEED,1998,7,6.17
SEED,1998,8,2.5
SEED,1999,5,2.5
SEED,1999,6,7.5
SEED,1999,7,9.79
SEED,2000,6,5.76
SEED,2000,7,5.83
SEED,2000,8,2.43
SEED,2001,6,7.5
SEED,2001,7,6.94
SEED,2001,8,2.5
SEED,2002,6,7.5
SEED,2002,7,9.97
SEED,2004,5,2.5
SEED,2004,6,3.75
SEED,2004,7,7.5
SEED,2004,8,2.5
SEED,2005,6,9.97
SEED,2005,7,5.51
SEED,2005,8,2.5
SEED,2006,6,10
SEED,2006,7,7.42
SEED,2007,6,6.28
SEED,2007,7,10
SEED,2008,5,2.5
SEED,2008,6,7.12
SEED,2008,7,5.83
SEED,2011,5,2.29
SEED,2011,6,7.47
SEED,2011,7,5.68
SEED,2012,6,7.47
SEED,2012,7,6.28
SEED,2012,8,1.94
SHOR,1994,5,6.22
SHOR,1994,6,4.85
SHOR,1994,7,9.94
SHOR,1994,8,2.5
SHOR,1995,5,4.83
SHOR,1995,6,7.47
SHOR,1995,7,6.96
SHOR,1995,8,4.56
SHOR,1996,5,4.9
SHOR,1996,6,7.1
SHOR,1996,7,5.86
SHOR,1996,8,4.15
SHOR,1997,5,4.56
SHOR,1997,6,6.88
SHOR,1997,7,7.33
SHOR,1997,8,2.08
SHOR,1998,5,4.6
SHOR,1998,6,5.82
SHOR,1998,7,5.35
SHOR,1998,8,1.72
SHOR,1999,5,4.36
SHOR,1999,6,6.19
SHOR,1999,7,6.03
SHOR,2000,5,3.08
SHOR,2000,6,6.42
SHOR,2000,7,5.68
SHOR,2001,5,3.7
SHOR,2001,6,5.67
SHOR,2001,7,4.61
SHOR,2001,8,1.36
SHOR,2002,5,2.61
SHOR,2002,6,4.8
SHOR,2002,7,4.74
SHOR,2002,8,1.58
SHOR,2004,5,3.9
SHOR,2004,6,5.3
SHOR,2004,7,5.75
SHOR,2004,8,1.69
SHOR,2005,5,3.72
SHOR,2005,6,4.94
SHOR,2005,7,4.25
SHOR,2005,8,1.44
SHOR,2006,5,3.33
SHOR,2006,6,5.1
SHOR,2006,7,5.99
SHOR,2007,5,4.21
SHOR,2007,6,4.75
SHOR,2007,7,7.54
SHOR,2007,8,2.31
SHOR,2008,5,4.97
SHOR,2008,6,4.74
SHOR,2008,7,4.25
SHOR,2008,8,1.25
SHW1,2004,5,10
SHW1,2004,6,13.33
SHW1,2004,7,10.83
SHW1,2004,8,2.5
SHW1,2005,5,12.5
SHW1,2005,6,9.83
SHW1,2005,7,6.67
SHW1,2005,8,4.17
SHW1,2006,5,10
SHW1,2006,6,6.67
SHW1,2006,7,14.44
SHW1,2007,5,10
SHW1,2007,6,6.67
SHW1,2007,7,13.33
SHW1,2008,5,6.67
SHW1,2008,6,13.33
SHW1,2008,7,10
SHW1,2009,5,6.67
SHW1,2009,6,9.75
SHW1,2009,7,12.83
SHW1,2010,5,5.83
SHW1,2010,6,11.67
SHW1,2010,7,9.33
SHW1,2011,6,1.67
SHW1,2011,7,5
SHW1,2011,8,5
SHW1,2012,5,5
SHW1,2012,6,3.29
SHW1,2012,7,6.25
SHW2,2004,5,8.33
SHW2,2004,6,12.5
SHW2,2004,7,10.83
SHW2,2004,8,3.33
SHW2,2005,5,13.17
SHW2,2005,6,11.67
SHW2,2005,7,6.67
SHW2,2005,8,3.33
SHW2,2006,5,9.92
SHW2,2006,6,6.67
SHW2,2006,7,14.44
SHW2,2007,5,10
SHW2,2007,6,6.67
SHW2,2007,7,13.33
SHW2,2008,5,6.67
SHW2,2008,6,13.33
SHW2,2008,7,10
SHW2,2009,5,6.67
SHW2,2009,6,10
SHW2,2009,7,13.33
SHW2,2010,5,5.83
SHW2,2010,6,11.67
SHW2,2010,7,10
SHW2,2011,6,2.08
SHW2,2011,7,5.83
SHW2,2011,8,5.83
SHW2,2012,5,5
SHW2,2012,6,3.33
SHW2,2012,7,6.25
SKYT,2000,5,6.08
SKYT,2000,6,4.17
SKYT,2000,7,6.58
SKYT,2000,8,2.5
SKYT,2001,6,6.74
SKYT,2001,7,4.24
SKYT,2001,8,2.5
SKYT,2002,6,2.5
SKYT,2002,7,3.82
SKYT,2002,8,1.25
SKYT,2003,6,5
SKYT,2003,7,6.74
SKYT,2003,8,1.67
SKYT,2004,6,2.5
SKYT,2004,7,7.5
SKYT,2004,8,3.75
SPAL,2001,5,5.14
SPAL,2001,6,7.71
SPAL,2001,7,7.22
SPAL,2001,8,2.5
SPAL,2002,5,5.07
SPAL,2002,6,7.5
SPAL,2002,7,7.5
SPAL,2002,8,2.5
SPAL,2003,5,5.35
SPAL,2003,6,7.5
SPAL,2003,7,7.64
SPAL,2003,8,2.5
SPAL,2004,5,5.14
SPAL,2004,6,7.57
SPAL,2004,7,7.57
SPAL,2004,8,2.5
SPAL,2005,5,5
SPAL,2005,6,7.5
SPAL,2005,7,5
SPAL,2005,8,2.5
SPAL,2006,5,7.5
SPAL,2006,6,5
SPAL,2006,7,7.5
SPAL,2006,8,2.5
SPAL,2007,5,2.5
SPAL,2007,6,10
SPAL,2007,7,7.5
SPAL,2007,8,2.5
SPAL,2008,5,5
SPAL,2008,6,7.5
SPAL,2008,7,7.5
SPAL,2008,8,2.5
SSNC,2001,5,1.25
SSNC,2001,6,3.75
SSNC,2001,7,3.75
SSNC,2001,8,1.25
SSNC,2002,5,1
SSNC,2002,6,3
SSNC,2002,7,2.83
SSNC,2002,8,1
SSNC,2003,5,1
SSNC,2003,6,1.83
SSNC,2003,7,2.83
SSNC,2003,8,1
SSNC,2004,6,4
SSNC,2004,7,2.75
SSNC,2005,5,2
SSNC,2005,6,3
SSNC,2005,7,3
SSNC,2005,8,1
SSNC,2006,5,0.83
SSNC,2006,6,1.83
SSNC,2006,7,2.58
SSNC,2006,8,1.42
SSNC,2007,6,2.83
SSNC,2007,7,2.67
SSNC,2007,8,0.92
STRM,2006,6,2.5
STRM,2006,7,4.86
STRM,2006,8,1.39
STRM,2007,6,2.22
STRM,2007,7,6.39
STRM,2007,8,1.67
STRM,2008,6,4.58
STRM,2008,7,6.04
STRM,2008,8,2.5
SULP,1994,5,2.5
SULP,1994,6,6.53
SULP,1994,7,7.3
SULP,1994,8,7.08
SULP,1995,6,7.35
SULP,1995,7,9.89
SULP,1995,8,4.69
SULP,1996,5,2.5
SULP,1996,6,7.62
SULP,1996,7,5.83
SULP,1996,8,5
SULP,1997,6,7.42
SULP,1997,7,7.34
SULP,1997,8,2.39
SULP,1998,6,6.92
SULP,1998,7,8.89
SULP,1999,5,2.5
SULP,1999,6,7.43
SULP,1999,7,7.25
SULP,1999,8,2.5
SULP,2000,6,9.59
SULP,2000,7,6.42
SULP,2001,6,7.47
SULP,2001,7,7.78
SULP,2002,6,7.5
SULP,2002,7,10
SULP,2004,6,10
SULP,2004,7,3.75
SULP,2004,8,2.5
SULP,2005,5,2.45
SULP,2005,6,6.32
SULP,2005,7,9.22
SULP,2006,6,7.44
SULP,2006,7,7.5
SULP,2006,8,2.5
SULP,2007,6,7.64
SULP,2007,7,7.47
SULP,2007,8,2.47
SULP,2008,6,6.75
SULP,2008,7,6.56
SULP,2008,8,2.5
SULP,2011,6,6.83
SULP,2011,7,8.58
SULP,2012,6,7.11
SULP,2012,7,6.83
SULP,2012,8,1.75
TABR,1994,6,2.46
TABR,1994,7,7.5
TABR,1994,8,5
TABR,1995,5,5
TABR,1995,6,7.31
TABR,1995,7,6.47
TABR,1995,8,4.49
TABR,1996,5,7.5
TABR,1996,6,3.53
TABR,1996,7,6.67
TABR,1996,8,4.73
TABR,1997,5,5.02
TABR,1997,6,7.5
TABR,1997,7,7.42
TABR,1997,8,2.44
TABR,1998,5,7.19
TABR,1998,6,4.74
TABR,1998,7,6.8
TABR,1998,8,2.37
TABR,1999,5,4.97
TABR,1999,6,5.97
TABR,1999,7,5.14
TABR,1999,8,1.32
TABR,2000,5,3.92
TABR,2000,6,6.81
TABR,2000,7,7.27
TABR,2001,5,4.76
TABR,2001,6,6.11
TABR,2001,7,8.02
TABR,2002,5,3.78
TABR,2002,6,6.85
TABR,2002,7,6
TABR,2002,8,1.58
TABR,2004,5,4.42
TABR,2004,6,4.89
TABR,2004,7,8.24
TABR,2004,8,1.4
TABR,2005,5,4
TABR,2005,6,6.33
TABR,2005,7,7.22
TABR,2006,5,3.97
TABR,2006,6,6.17
TABR,2006,7,7.01
TABR,2007,5,2.39
TABR,2008,5,3.78
TABR,2008,6,5.67
TABR,2008,7,4.58
TABR,2008,8,1.39
TAYL,1994,5,4.56
TAYL,1994,6,6.93
TAYL,1994,7,9.65
TAYL,1994,8,2.46
TAYL,1995,5,4.62
TAYL,1995,6,6.47
TAYL,1995,7,6.34
TAYL,1995,8,4.82
TAYL,1996,5,4.96
TAYL,1996,6,7.33
TAYL,1996,7,6.33
TAYL,1996,8,4.79
TAYL,1997,5,4.68
TAYL,1997,6,7.07
TAYL,1997,7,7.47
TAYL,1997,8,2.43
TAYL,1998,5,4.83
TAYL,1998,6,8.6
TAYL,1998,7,5.9
TAYL,1999,5,4.67
TAYL,1999,6,5.62
TAYL,1999,7,4.26
TAYL,1999,8,1.25
TAYL,2000,5,4.71
TAYL,2000,6,5.77
TAYL,2000,7,5.97
TAYL,2001,5,4.42
TAYL,2001,6,5.81
TAYL,2001,7,4.94
TAYL,2001,8,1.38
TAYL,2002,5,3.29
TAYL,2002,6,5.71
TAYL,2002,7,5.17
TAYL,2002,8,1.64
TAYL,2004,5,4.92
TAYL,2004,6,6.94
TAYL,2004,7,5.19
TAYL,2004,8,1.57
TAYL,2005,5,6
TAYL,2005,6,4.78
TAYL,2005,7,4.78
TAYL,2006,5,4.09
TAYL,2006,6,5.85
TAYL,2006,7,6.59
TAYL,2007,5,3.36
TAYL,2008,5,4.06
TAYL,2008,6,4.58
TAYL,2008,7,5.61
TAYL,2008,8,1.39
TESS,2010,5,2.5
TESS,2010,6,7.18
TESS,2010,7,7.11
TESS,2010,8,1.81
TESS,2011,5,2.5
TESS,2011,6,8.31
TESS,2011,7,6.33
TESS,2012,5,2.5
TESS,2012,6,6.83
TESS,2012,7,6.54
TESS,2012,8,2.5
TICR,1993,6,7.29
TICR,1993,7,4.86
TICR,1993,8,7.5
TICR,1994,6,6.89
TICR,1994,7,4.85
TICR,1994,8,1.44
TICR,1995,6,7.17
TICR,1995,7,5.92
TICR,1995,8,3.45
TICR,1996,6,7.19
TICR,1996,7,6.51
TICR,1996,8,4.47
TICR,1997,6,7.11
TICR,1997,7,6.51
TICR,1997,8,2.39
TICR,1998,6,6.05
TICR,1998,7,6.23
TICR,1998,8,2.36
TICR,1999,6,7
TICR,1999,7,6.44
TICR,1999,8,1.83
TICR,2000,6,6.78
TICR,2000,7,6.78
TICR,2000,8,1.33
TICR,2001,6,7.01
TICR,2001,7,4.25
TICR,2001,8,3.47
TICR,2002,6,7.4
TICR,2002,7,3.89
TICR,2002,8,1.92
TMCR,1995,6,7.22
TMCR,1995,7,7.22
TMCR,1995,8,4.53
TMCR,1996,6,6.92
TMCR,1996,7,5.63
TMCR,1996,8,5
TMCR,1997,6,7.5
TMCR,1997,7,6.87
TMCR,1997,8,2.44
TMCR,1998,6,6.61
TMCR,1998,7,5.42
TMCR,1998,8,2.06
TMCR,1999,6,7.14
TMCR,1999,7,6.97
TMCR,1999,8,2.36
TMCR,2000,6,7.25
TMCR,2000,7,7.31
TMCR,2000,8,1.46
TMCR,2001,6,6.06
TMCR,2001,7,9.06
TMCR,2002,6,6.81
TMCR,2002,7,6.39
TMCR,2002,8,2.5
TWOM,2001,7,5.14
TWOM,2001,8,2.5
TWOM,2002,6,5
TWOM,2002,7,7.5
TWOM,2002,8,2.5
TWOM,2003,6,4.79
TWOM,2003,7,5
TWOM,2003,8,5
TWOM,2004,6,5
TWOM,2004,7,5
TWOM,2004,8,1.94
TWOM,2005,6,5
TWOM,2005,7,5
TWOM,2005,8,2.5
TWOM,2006,6,2.78
TWOM,2006,7,3.89
TWOM,2006,8,2.5
TWOM,2007,6,6.67
TWOM,2007,7,5
TWOM,2007,8,2.36
TWOM,2008,6,5.56
TWOM,2008,7,3.75
TWOM,2008,8,2.5
TWOM,2009,6,2.5
TWOM,2009,7,2.5
VIRE,1994,5,4.33
VIRE,1994,6,7.08
VIRE,1994,7,7.22
VIRE,1994,8,4.94
VIRE,1995,5,4.9
VIRE,1995,6,9.88
VIRE,1995,7,6.95
VIRE,1995,8,2.31
VIRE,1996,5,4.88
VIRE,1996,6,6.5
VIRE,1996,7,7
VIRE,1996,8,4.94
VIRE,1997,5,5
VIRE,1997,6,9.85
VIRE,1997,7,4.9
VIRE,1997,8,2.4
VIRE,1998,5,4.78
VIRE,1998,6,6.01
VIRE,1998,7,5.76
VIRE,1998,8,1.88
VIRE,1999,5,4.5
VIRE,1999,6,6.85
VIRE,1999,7,6.85
VIRE,2000,5,4.35
VIRE,2000,6,8.14
VIRE,2000,7,4.62
VIRE,2001,5,4.48
VIRE,2001,6,6.15
VIRE,2001,7,5.11
VIRE,2001,8,1.53
VIRE,2002,5,4.23
VIRE,2002,6,5.36
VIRE,2002,7,6.34
VIRE,2004,5,4.81
VIRE,2004,6,7.01
VIRE,2004,7,8.71
VIRE,2005,5,4.97
VIRE,2005,6,6.17
VIRE,2005,7,6
VIRE,2005,8,1.5
VIRE,2006,5,4.39
VIRE,2006,6,4.99
VIRE,2006,7,6.33
VIRE,2007,5,3.86
VIRE,2007,6,6.53
VIRE,2007,7,6.78
VIRE,2007,8,1.94
VIRE,2008,5,4.72
VIRE,2008,6,6.03
VIRE,2008,7,6.1
WASS,1999,5,5
WASS,1999,6,7.5
WASS,1999,7,6.46
WASS,1999,8,2.5
WASS,2000,5,4.79
WASS,2000,6,6.25
WASS,2000,7,5.83
WASS,2000,8,2.08
WASS,2001,5,4.51
WASS,2001,6,7.08
WASS,2001,7,6.53
WASS,2001,8,2.5
WASS,2002,5,5
WASS,2002,6,3.33
WASS,2002,7,6.25
WASS,2002,8,1.67
WASS,2003,5,4.17
WASS,2003,6,6.25
WASS,2003,7,4.17
WASS,2003,8,2.08
WASS,2004,5,4.1
WASS,2004,6,6.25
WASS,2004,7,5.83
WASS,2004,8,2.08
WASS,2005,5,4.17
WASS,2005,6,4.17
WASS,2005,7,3.75
WASS,2005,8,1.67
WASS,2006,5,4.17
WASS,2006,6,6.25
WASS,2006,7,6.25
WASS,2006,8,2.08
WASS,2007,5,4.33
WASS,2007,6,4.17
WASS,2007,7,4.17
WASS,2008,5,6.25
WASS,2008,6,4.17
WASS,2008,7,6.25
WASS,2008,8,2.08
WAWO,1992,6,6
WAWO,1992,7,8.67
WAWO,1992,8,1.67
WAWO,1993,6,4
WAWO,1993,7,8
WAWO,1993,8,4
WAWO,1994,6,7.67
WAWO,1994,7,10
WAWO,1994,8,4
WAWO,1995,6,6
WAWO,1995,7,6
WAWO,1995,8,6
WAWO,1996,6,8
WAWO,1996,7,4
WAWO,1996,8,8
WAWO,1997,8,8
WAWO,1998,5,2
WAWO,1998,6,6
WAWO,1998,7,6
WAWO,1998,8,2
WAWO,1999,5,2
WAWO,1999,6,6
WAWO,1999,7,6
WAWO,1999,8,2
WAWO,2000,6,6
WAWO,2000,7,6
WAWO,2000,8,2
WAWO,2001,5,2
WAWO,2001,6,6
WAWO,2001,7,6
WAWO,2001,8,2
WAWO,2002,6,6
WAWO,2002,7,6
WAWO,2002,8,2
WAWO,2003,6,6
WAWO,2003,7,6
WAWO,2003,8,2
WAWO,2004,6,6
WAWO,2004,7,6
WAWO,2004,8,2
WAWO,2005,6,6
WAWO,2005,7,6
WAWO,2005,8,2
WAWO,2006,6,4
WAWO,2006,7,6
WAWO,2006,8,2
WCCR,2004,5,2.67
WCCR,2004,6,7.94
WCCR,2004,7,10.18
WCCR,2005,5,2.5
WCCR,2005,6,7.5
WCCR,2005,7,7.5
WCCR,2005,8,2.5
WCCR,2006,5,2.5
WCCR,2006,6,7.5
WCCR,2006,7,7.5
WCCR,2006,8,2.5
WCCR,2007,5,5
WCCR,2007,6,2.5
WCCR,2007,7,5
WCCR,2007,8,2.5
WCCR,2008,5,2.5
WCCR,2008,6,7.5
WCCR,2008,7,7.5
WCCR,2008,8,2.5
WCLO,1994,5,4.44
WCLO,1994,6,8.04
WCLO,1994,7,7.55
WCLO,1994,8,5.52
WCLO,1995,5,6.25
WCLO,1995,6,8.95
WCLO,1995,7,8.22
WCLO,1995,8,4.9
WCLO,1996,5,5.85
WCLO,1996,6,8.33
WCLO,1996,7,7.99
WCLO,1996,8,4.9
WCLO,1997,5,9.16
WCLO,1997,6,5.97
WCLO,1997,7,8.92
WCLO,1997,8,2.95
WCLO,1998,5,5.42
WCLO,1998,6,8.03
WCLO,1998,7,7.47
WCLO,1998,8,2.15
WCLO,1999,5,5.94
WCLO,1999,6,8.65
WCLO,1999,7,5.9
WCLO,1999,8,1.58
WCLO,2000,5,5.72
WCLO,2000,6,8.67
WCLO,2000,7,6.6
WCLO,2000,8,2.1
WCLO,2001,5,5.67
WCLO,2001,6,7.85
WCLO,2001,7,6.86
WCLO,2001,8,2.04
WCLO,2002,5,5.11
WCLO,2002,6,8.17
WCLO,2002,7,6.69
WCLO,2002,8,2.23
WCLO,2003,5,5.67
WCLO,2003,6,11.25
WCLO,2003,7,2.92
WCLO,2003,8,1.91
WCLO,2004,5,5.94
WCLO,2004,6,9
WCLO,2004,7,8.97
WCLO,2004,8,2.33
WCLO,2005,5,5.37
WCLO,2005,6,8
WCLO,2005,7,9.44
WCLO,2006,5,8.61
WCLO,2006,6,3.24
WCLO,2006,7,9.47
WCLO,2007,5,4.78
WCLO,2007,6,7.69
WCLO,2007,7,8.07
WCLO,2007,8,2.86
WCLO,2008,5,5.03
WCLO,2008,6,6.57
WCLO,2008,7,9.38
WCLO,2009,5,5.93
WCLO,2009,6,6.8
WCLO,2009,7,4.56
WCLO,2009,8,1.83
WEHL,2006,7,5
WEHL,2006,8,2.5
WEHL,2007,5,5
WEHL,2007,6,7.5
WEHL,2007,7,7.5
WEHL,2007,8,2.46
WEHL,2008,5,5
WEHL,2008,6,7.5
WEHL,2008,7,7.5
WEHL,2008,8,2.5
WEHL,2009,5,5
WEHL,2009,6,6.25
WEHL,2009,7,9.38
WEHL,2010,5,5
WEHL,2010,6,7.29
WEHL,2010,7,7.5
WEHL,2010,8,2.5
WEHL,2011,5,5
WEHL,2011,6,7.5
WEHL,2011,7,7.5
WEHL,2011,8,2.5
WEHL,2012,5,5
WEHL,2012,6,7.5
WEHL,2012,7,7.5
WEHL,2012,8,2.5
WIBR,1999,6,4.96
WIBR,1999,7,3.5
WIBR,1999,8,1.75
WIBR,2000,5,1.75
WIBR,2000,6,5.25
WIBR,2000,7,3.5
WIBR,2000,8,1.75
WIBR,2001,5,1.75
WIBR,2001,6,5.42
WIBR,2001,7,3.63
WIBR,2001,8,1.49
WIBR,2002,5,1.85
WIBR,2002,6,5.51
WIBR,2002,7,3.68
WIBR,2002,8,1.85
WIBR,2003,5,1.83
WIBR,2003,6,5.51
WIBR,2003,7,3.69
WIBR,2004,5,1.59
WIBR,2004,6,3.24
WIBR,2004,7,3.22
WIBR,2004,8,1.64
WIBR,2005,5,1.51
WIBR,2005,6,3.15
WIBR,2005,7,1.66
WIBR,2005,8,1.63
WIBR,2006,5,1.85
WIBR,2006,6,3.9
WIBR,2006,7,3.67
WIBR,2006,8,1.55
WIBR,2007,5,1.49
WIBR,2007,6,1.55
WIBR,2007,7,2.81
WIBR,2007,8,1.27
WIBR,2008,6,2.58
WIBR,2008,7,2.38
WIBR,2009,6,4.09
WIBR,2009,7,2.7
WICE,1994,5,2.5
WICE,1994,6,6.98
WICE,1994,7,6.25
WICE,1994,8,7.5
WICE,1995,6,10.1
WICE,1995,7,7.47
WICE,1995,8,5
WICE,1996,6,6.94
WICE,1996,7,10
WICE,1996,8,5
WICE,1997,6,7.44
WICE,1997,7,9.97
WICE,1998,6,5.28
WICE,1998,7,5
WICE,1998,8,2.5
WICE,1999,5,2.25
WICE,1999,6,7
WICE,1999,7,7.26
WICE,1999,8,2.5
WICE,2000,6,7.57
WICE,2000,7,9.51
WICE,2001,6,7.22
WICE,2001,7,7.34
WICE,2001,8,2.5
WICE,2002,6,7.47
WICE,2002,7,7.04
WICE,2002,8,2.35
WICE,2004,6,7.5
WICE,2004,7,7.5
WICE,2004,8,2.5
WICE,2005,5,2.23
WICE,2005,6,7.29
WICE,2005,7,6.83
WICE,2005,8,1.92
WICE,2006,6,6.92
WICE,2006,7,7.29
WICE,2006,8,2.28
WICE,2007,5,2.26
WICE,2007,6,4.38
WICE,2007,7,9.94
WICE,2008,6,7.47
WICE,2008,7,6.6
WICE,2008,8,2.5
